INFO  Diffblue Cover 2026.01.01-SNAPSHOT-363c8f3-dev
INFO  
INFO  Command: issues
INFO  Output a prioritized list of issues.
INFO  
INFO  Discovered modules:
INFO  - net.finmath:finmath-smart-derivative-contract
INFO  
INFO  
INFO  [1/1] Diagnosing issues for module: net.finmath:finmath-smart-derivative-contract
INFO  =================================================================================
INFO  
INFO  Detected Java version 17.0.17
INFO  Selected build system: maven due to custom configuration file being present
INFO  Reading report file '/home/jbergqvist/diffblue/finmath-smart-derivative-contract/.diffblue/reports/report.json'
INFO  Copied report file to '/home/jbergqvist/diffblue/finmath-smart-derivative-contract/.diffblue/reports/report-20260114T124605.json'
INFO  
INFO  R013: No inputs found that don't throw a trivial exception
      Diffblue Cover tried to run the arrange/act section, but the test threw
      java.lang.NullPointerException: Cannot invoke "Object.getClass()" because "t" is null
          at net.finmath.smartcontract.product.xml.SDCXMLParser.marshalClassToXMLString(SDCXMLParser.java:171)
          at net.finmath.smartcontract.settlement.SettlementGenerator.build(SettlementGenerator.java:92)
      In order to prevent the method under test
      from throwing NullPointerException, add constructors or factory
      methods that make it easier to construct fully initialized objects used in
      the method under test.
      See https://diff.blue/R013 to resolve this issue.
      
INFO  Affected methods:
      net.finmath.smartcontract.settlement.SettlementGenerator.build:()Ljava/lang/String;
      
INFO  To resolve the issue, use the following prompt with your AI assistant:
      
      We are unit testing `net.finmath.smartcontract.settlement.SettlementGenerator.build:()Ljava/lang/String;`.
      
      Create a parameterless factory method for the problematic
      parameter/this object, determining which by reading the error message below.
      The new factory method should be in the test classpath, not production.
      Create a new factory class if there isn't already one for the class under test.
      Do not create a test yourself, only a factory (don't test the factory either).
      The factory method must be annotated with 
      `@com.diffblue.cover.annotations.InterestingTestFactory`.
      Avoid using mocks, these tend to produce unused stubbing errors or a
      `java.lang.NullPointerException`.
      If your environment has internet access then further documentation on
      factory methods for Cover can be found here:
      https://docs.diffblue.com/features/tutorials/increase-code-coverage#test-factory-pattern
      
      The factory should produce a parameter/this object such that
      the following exception does not occur:
      
      ```
      java.lang.NullPointerException: Cannot invoke "Object.getClass()" because "t" is null
        at net.finmath.smartcontract.product.xml.SDCXMLParser.marshalClassToXMLString(SDCXMLParser.java:171)
        at net.finmath.smartcontract.settlement.SettlementGenerator.build(SettlementGenerator.java:92)
      ```
      
      Recompile the project to make sure the new factory / annotation / getter / etc
      is available to Cover.
      For example run `mvn install -DskipTests` or `gradle install -x test`.
      
INFO  
INFO  R013: No inputs found that don't throw a trivial exception
      Diffblue Cover tried to run the arrange/act section, but the test threw
      java.lang.NullPointerException: Cannot invoke "Object.getClass()" because "t" is null
          at net.finmath.smartcontract.product.xml.SDCXMLParser.marshalClassToXMLString(SDCXMLParser.java:171)
          at net.finmath.smartcontract.settlement.SettlementGenerator.buildObject(SettlementGenerator.java:78)
      In order to prevent the method under test
      from throwing NullPointerException, add constructors or factory
      methods that make it easier to construct fully initialized objects used in
      the method under test.
      See https://diff.blue/R013 to resolve this issue.
      
INFO  Affected methods:
      net.finmath.smartcontract.settlement.SettlementGenerator.buildObject:()Lnet/finmath/smartcontract/settlement/Settlement;
      
INFO  To resolve the issue, use the following prompt with your AI assistant:
      
      We are unit testing `net.finmath.smartcontract.settlement.SettlementGenerator.buildObject:()Lnet/finmath/smartcontract/settlement/Settlement;`.
      
      Create a parameterless factory method for the problematic
      parameter/this object, determining which by reading the error message below.
      The new factory method should be in the test classpath, not production.
      Create a new factory class if there isn't already one for the class under test.
      Do not create a test yourself, only a factory (don't test the factory either).
      The factory method must be annotated with 
      `@com.diffblue.cover.annotations.InterestingTestFactory`.
      Avoid using mocks, these tend to produce unused stubbing errors or a
      `java.lang.NullPointerException`.
      If your environment has internet access then further documentation on
      factory methods for Cover can be found here:
      https://docs.diffblue.com/features/tutorials/increase-code-coverage#test-factory-pattern
      
      The factory should produce a parameter/this object such that
      the following exception does not occur:
      
      ```
      java.lang.NullPointerException: Cannot invoke "Object.getClass()" because "t" is null
        at net.finmath.smartcontract.product.xml.SDCXMLParser.marshalClassToXMLString(SDCXMLParser.java:171)
        at net.finmath.smartcontract.settlement.SettlementGenerator.buildObject(SettlementGenerator.java:78)
      ```
      
      Recompile the project to make sure the new factory / annotation / getter / etc
      is available to Cover.
      For example run `mvn install -DskipTests` or `gradle install -x test`.
      
INFO  
INFO  R013: No inputs found that don't throw a trivial exception
      Diffblue Cover tried to run the arrange/act section, but the test threw
      net.finmath.smartcontract.model.SDCException: SDC_JAXB_ERROR null
          at net.finmath.smartcontract.product.xml.SDCXMLParser.unmarshalXml(SDCXMLParser.java:146)
          at net.finmath.smartcontract.settlement.SettlementGenerator.generateSettlement(SettlementGenerator.java:35)
          at net.finmath.smartcontract.settlement.SettlementGenerator.generateInitialSettlementXml(SettlementGenerator.java:26)
      In order to prevent the method under test
      from throwing SDCException, add constructors or factory
      methods that make it easier to construct fully initialized objects used in
      the method under test.
      See https://diff.blue/R013 to resolve this issue.
      
INFO  Affected methods:
      net.finmath.smartcontract.settlement.SettlementGenerator.generateInitialSettlementXml:(Ljava/lang/String;Lnet/finmath/smartcontract/product/SmartDerivativeContractDescriptor;)Lnet/finmath/smartcontract/settlement/SettlementGenerator;
      
INFO  To resolve the issue, use the following prompt with your AI assistant:
      
      We are unit testing `net.finmath.smartcontract.settlement.SettlementGenerator.generateInitialSettlementXml:(Ljava/lang/String;Lnet/finmath/smartcontract/product/SmartDerivativeContractDescriptor;)Lnet/finmath/smartcontract/settlement/SettlementGenerator;`.
      
      Create a parameterless factory method for the problematic
      parameter/this object, determining which by reading the error message below.
      The new factory method should be in the test classpath, not production.
      Create a new factory class if there isn't already one for the class under test.
      Do not create a test yourself, only a factory (don't test the factory either).
      The factory method must be annotated with 
      `@com.diffblue.cover.annotations.InterestingTestFactory`.
      Avoid using mocks, these tend to produce unused stubbing errors or a
      `java.lang.NullPointerException`.
      If your environment has internet access then further documentation on
      factory methods for Cover can be found here:
      https://docs.diffblue.com/features/tutorials/increase-code-coverage#test-factory-pattern
      
      The factory should produce a parameter/this object such that
      the following exception does not occur:
      
      ```
      net.finmath.smartcontract.model.SDCException: SDC_JAXB_ERROR null
        at net.finmath.smartcontract.product.xml.SDCXMLParser.unmarshalXml(SDCXMLParser.java:146)
        at net.finmath.smartcontract.settlement.SettlementGenerator.generateSettlement(SettlementGenerator.java:35)
        at net.finmath.smartcontract.settlement.SettlementGenerator.generateInitialSettlementXml(SettlementGenerator.java:26)
      ```
      
      Recompile the project to make sure the new factory / annotation / getter / etc
      is available to Cover.
      For example run `mvn install -DskipTests` or `gradle install -x test`.
      
INFO  
INFO  R013: No inputs found that don't throw a trivial exception
      Diffblue Cover tried to run the arrange/act section, but the test threw
      net.finmath.smartcontract.model.SDCException: SDC_JAXB_ERROR null
          at net.finmath.smartcontract.product.xml.SDCXMLParser.unmarshalXml(SDCXMLParser.java:146)
          at net.finmath.smartcontract.settlement.SettlementGenerator.generateSettlement(SettlementGenerator.java:35)
          at net.finmath.smartcontract.settlement.SettlementGenerator.generateRegularSettlementXml(SettlementGenerator.java:31)
      In order to prevent the method under test
      from throwing SDCException, add constructors or factory
      methods that make it easier to construct fully initialized objects used in
      the method under test.
      See https://diff.blue/R013 to resolve this issue.
      
INFO  Affected methods:
      net.finmath.smartcontract.settlement.SettlementGenerator.generateRegularSettlementXml:(Ljava/lang/String;Lnet/finmath/smartcontract/product/SmartDerivativeContractDescriptor;Ljava/math/BigDecimal;)Lnet/finmath/smartcontract/settlement/SettlementGenerator;
      
INFO  To resolve the issue, use the following prompt with your AI assistant:
      
      We are unit testing `net.finmath.smartcontract.settlement.SettlementGenerator.generateRegularSettlementXml:(Ljava/lang/String;Lnet/finmath/smartcontract/product/SmartDerivativeContractDescriptor;Ljava/math/BigDecimal;)Lnet/finmath/smartcontract/settlement/SettlementGenerator;`.
      
      Create a parameterless factory method for the problematic
      parameter/this object, determining which by reading the error message below.
      The new factory method should be in the test classpath, not production.
      Create a new factory class if there isn't already one for the class under test.
      Do not create a test yourself, only a factory (don't test the factory either).
      The factory method must be annotated with 
      `@com.diffblue.cover.annotations.InterestingTestFactory`.
      Avoid using mocks, these tend to produce unused stubbing errors or a
      `java.lang.NullPointerException`.
      If your environment has internet access then further documentation on
      factory methods for Cover can be found here:
      https://docs.diffblue.com/features/tutorials/increase-code-coverage#test-factory-pattern
      
      The factory should produce a parameter/this object such that
      the following exception does not occur:
      
      ```
      net.finmath.smartcontract.model.SDCException: SDC_JAXB_ERROR null
        at net.finmath.smartcontract.product.xml.SDCXMLParser.unmarshalXml(SDCXMLParser.java:146)
        at net.finmath.smartcontract.settlement.SettlementGenerator.generateSettlement(SettlementGenerator.java:35)
        at net.finmath.smartcontract.settlement.SettlementGenerator.generateRegularSettlementXml(SettlementGenerator.java:31)
      ```
      
      Recompile the project to make sure the new factory / annotation / getter / etc
      is available to Cover.
      For example run `mvn install -DskipTests` or `gradle install -x test`.
      
INFO  
INFO  R013: No inputs found that don't throw a trivial exception
      Diffblue Cover tried to run the arrange/act section, but the test threw
      java.lang.NullPointerException: Cannot invoke "net.finmath.smartcontract.settlement.Settlement.setMarginLimits(java.util.List)" because "this.settlement" is null
          at net.finmath.smartcontract.settlement.SettlementGenerator.marginLimits(SettlementGenerator.java:48)
      In order to prevent the method under test
      from throwing NullPointerException, add constructors or factory
      methods that make it easier to construct fully initialized objects used in
      the method under test.
      See https://diff.blue/R013 to resolve this issue.
      
INFO  Affected methods:
      net.finmath.smartcontract.settlement.SettlementGenerator.marginLimits:(Ljava/util/List;)Lnet/finmath/smartcontract/settlement/SettlementGenerator;
      
INFO  To resolve the issue, use the following prompt with your AI assistant:
      
      We are unit testing `net.finmath.smartcontract.settlement.SettlementGenerator.marginLimits:(Ljava/util/List;)Lnet/finmath/smartcontract/settlement/SettlementGenerator;`.
      
      Create a parameterless factory method for the problematic
      parameter/this object, determining which by reading the error message below.
      The new factory method should be in the test classpath, not production.
      Create a new factory class if there isn't already one for the class under test.
      Do not create a test yourself, only a factory (don't test the factory either).
      The factory method must be annotated with 
      `@com.diffblue.cover.annotations.InterestingTestFactory`.
      Avoid using mocks, these tend to produce unused stubbing errors or a
      `java.lang.NullPointerException`.
      If your environment has internet access then further documentation on
      factory methods for Cover can be found here:
      https://docs.diffblue.com/features/tutorials/increase-code-coverage#test-factory-pattern
      
      The factory should produce a parameter/this object such that
      the following exception does not occur:
      
      ```
      java.lang.NullPointerException: Cannot invoke "net.finmath.smartcontract.settlement.Settlement.setMarginLimits(java.util.List)" because "this.settlement" is null
        at net.finmath.smartcontract.settlement.SettlementGenerator.marginLimits(SettlementGenerator.java:48)
      ```
      
      Recompile the project to make sure the new factory / annotation / getter / etc
      is available to Cover.
      For example run `mvn install -DskipTests` or `gradle install -x test`.
      
INFO  
INFO  R013: No inputs found that don't throw a trivial exception
      Diffblue Cover tried to run the arrange/act section, but the test threw
      java.lang.NullPointerException: Cannot invoke "net.finmath.smartcontract.settlement.Settlement.setSettlementInfos(java.util.List)" because "this.settlement" is null
          at net.finmath.smartcontract.settlement.SettlementGenerator.settlementInfo(SettlementGenerator.java:73)
      In order to prevent the method under test
      from throwing NullPointerException, add constructors or factory
      methods that make it easier to construct fully initialized objects used in
      the method under test.
      See https://diff.blue/R013 to resolve this issue.
      
INFO  Affected methods:
      net.finmath.smartcontract.settlement.SettlementGenerator.settlementInfo:(Ljava/util/Map;)Lnet/finmath/smartcontract/settlement/SettlementGenerator;
      
INFO  To resolve the issue, use the following prompt with your AI assistant:
      
      We are unit testing `net.finmath.smartcontract.settlement.SettlementGenerator.settlementInfo:(Ljava/util/Map;)Lnet/finmath/smartcontract/settlement/SettlementGenerator;`.
      
      Create a parameterless factory method for the problematic
      parameter/this object, determining which by reading the error message below.
      The new factory method should be in the test classpath, not production.
      Create a new factory class if there isn't already one for the class under test.
      Do not create a test yourself, only a factory (don't test the factory either).
      The factory method must be annotated with 
      `@com.diffblue.cover.annotations.InterestingTestFactory`.
      Avoid using mocks, these tend to produce unused stubbing errors or a
      `java.lang.NullPointerException`.
      If your environment has internet access then further documentation on
      factory methods for Cover can be found here:
      https://docs.diffblue.com/features/tutorials/increase-code-coverage#test-factory-pattern
      
      The factory should produce a parameter/this object such that
      the following exception does not occur:
      
      ```
      java.lang.NullPointerException: Cannot invoke "net.finmath.smartcontract.settlement.Settlement.setSettlementInfos(java.util.List)" because "this.settlement" is null
        at net.finmath.smartcontract.settlement.SettlementGenerator.settlementInfo(SettlementGenerator.java:73)
      ```
      
      Recompile the project to make sure the new factory / annotation / getter / etc
      is available to Cover.
      For example run `mvn install -DskipTests` or `gradle install -x test`.
      
INFO  
INFO  R013: No inputs found that don't throw a trivial exception
      Diffblue Cover tried to run the arrange/act section, but the test threw
      java.lang.NullPointerException: Cannot invoke "net.finmath.smartcontract.settlement.Settlement.setSettlementNPV(java.math.BigDecimal)" because "this.settlement" is null
          at net.finmath.smartcontract.settlement.SettlementGenerator.settlementNPV(SettlementGenerator.java:53)
      In order to prevent the method under test
      from throwing NullPointerException, add constructors or factory
      methods that make it easier to construct fully initialized objects used in
      the method under test.
      See https://diff.blue/R013 to resolve this issue.
      
INFO  Affected methods:
      net.finmath.smartcontract.settlement.SettlementGenerator.settlementNPV:(Ljava/math/BigDecimal;)Lnet/finmath/smartcontract/settlement/SettlementGenerator;
      
INFO  To resolve the issue, use the following prompt with your AI assistant:
      
      We are unit testing `net.finmath.smartcontract.settlement.SettlementGenerator.settlementNPV:(Ljava/math/BigDecimal;)Lnet/finmath/smartcontract/settlement/SettlementGenerator;`.
      
      Create a parameterless factory method for the problematic
      parameter/this object, determining which by reading the error message below.
      The new factory method should be in the test classpath, not production.
      Create a new factory class if there isn't already one for the class under test.
      Do not create a test yourself, only a factory (don't test the factory either).
      The factory method must be annotated with 
      `@com.diffblue.cover.annotations.InterestingTestFactory`.
      Avoid using mocks, these tend to produce unused stubbing errors or a
      `java.lang.NullPointerException`.
      If your environment has internet access then further documentation on
      factory methods for Cover can be found here:
      https://docs.diffblue.com/features/tutorials/increase-code-coverage#test-factory-pattern
      
      The factory should produce a parameter/this object such that
      the following exception does not occur:
      
      ```
      java.lang.NullPointerException: Cannot invoke "net.finmath.smartcontract.settlement.Settlement.setSettlementNPV(java.math.BigDecimal)" because "this.settlement" is null
        at net.finmath.smartcontract.settlement.SettlementGenerator.settlementNPV(SettlementGenerator.java:53)
      ```
      
      Recompile the project to make sure the new factory / annotation / getter / etc
      is available to Cover.
      For example run `mvn install -DskipTests` or `gradle install -x test`.
      
INFO  
INFO  R013: No inputs found that don't throw a trivial exception
      Diffblue Cover tried to run the arrange/act section, but the test threw
      java.lang.NullPointerException: Cannot invoke "net.finmath.smartcontract.settlement.Settlement.setSettlementNPVNext(java.math.BigDecimal)" because "this.settlement" is null
          at net.finmath.smartcontract.settlement.SettlementGenerator.settlementNPVNext(SettlementGenerator.java:68)
      In order to prevent the method under test
      from throwing NullPointerException, add constructors or factory
      methods that make it easier to construct fully initialized objects used in
      the method under test.
      See https://diff.blue/R013 to resolve this issue.
      
INFO  Affected methods:
      net.finmath.smartcontract.settlement.SettlementGenerator.settlementNPVNext:(Ljava/math/BigDecimal;)Lnet/finmath/smartcontract/settlement/SettlementGenerator;
      
INFO  To resolve the issue, use the following prompt with your AI assistant:
      
      We are unit testing `net.finmath.smartcontract.settlement.SettlementGenerator.settlementNPVNext:(Ljava/math/BigDecimal;)Lnet/finmath/smartcontract/settlement/SettlementGenerator;`.
      
      Create a parameterless factory method for the problematic
      parameter/this object, determining which by reading the error message below.
      The new factory method should be in the test classpath, not production.
      Create a new factory class if there isn't already one for the class under test.
      Do not create a test yourself, only a factory (don't test the factory either).
      The factory method must be annotated with 
      `@com.diffblue.cover.annotations.InterestingTestFactory`.
      Avoid using mocks, these tend to produce unused stubbing errors or a
      `java.lang.NullPointerException`.
      If your environment has internet access then further documentation on
      factory methods for Cover can be found here:
      https://docs.diffblue.com/features/tutorials/increase-code-coverage#test-factory-pattern
      
      The factory should produce a parameter/this object such that
      the following exception does not occur:
      
      ```
      java.lang.NullPointerException: Cannot invoke "net.finmath.smartcontract.settlement.Settlement.setSettlementNPVNext(java.math.BigDecimal)" because "this.settlement" is null
        at net.finmath.smartcontract.settlement.SettlementGenerator.settlementNPVNext(SettlementGenerator.java:68)
      ```
      
      Recompile the project to make sure the new factory / annotation / getter / etc
      is available to Cover.
      For example run `mvn install -DskipTests` or `gradle install -x test`.
      
INFO  
INFO  R013: No inputs found that don't throw a trivial exception
      Diffblue Cover tried to run the arrange/act section, but the test threw
      java.lang.NullPointerException: Cannot invoke "net.finmath.smartcontract.settlement.Settlement.setSettlementNPVPrevious(java.math.BigDecimal)" because "this.settlement" is null
          at net.finmath.smartcontract.settlement.SettlementGenerator.settlementNPVPrevious(SettlementGenerator.java:58)
      In order to prevent the method under test
      from throwing NullPointerException, add constructors or factory
      methods that make it easier to construct fully initialized objects used in
      the method under test.
      See https://diff.blue/R013 to resolve this issue.
      
INFO  Affected methods:
      net.finmath.smartcontract.settlement.SettlementGenerator.settlementNPVPrevious:(Ljava/math/BigDecimal;)Lnet/finmath/smartcontract/settlement/SettlementGenerator;
      
INFO  To resolve the issue, use the following prompt with your AI assistant:
      
      We are unit testing `net.finmath.smartcontract.settlement.SettlementGenerator.settlementNPVPrevious:(Ljava/math/BigDecimal;)Lnet/finmath/smartcontract/settlement/SettlementGenerator;`.
      
      Create a parameterless factory method for the problematic
      parameter/this object, determining which by reading the error message below.
      The new factory method should be in the test classpath, not production.
      Create a new factory class if there isn't already one for the class under test.
      Do not create a test yourself, only a factory (don't test the factory either).
      The factory method must be annotated with 
      `@com.diffblue.cover.annotations.InterestingTestFactory`.
      Avoid using mocks, these tend to produce unused stubbing errors or a
      `java.lang.NullPointerException`.
      If your environment has internet access then further documentation on
      factory methods for Cover can be found here:
      https://docs.diffblue.com/features/tutorials/increase-code-coverage#test-factory-pattern
      
      The factory should produce a parameter/this object such that
      the following exception does not occur:
      
      ```
      java.lang.NullPointerException: Cannot invoke "net.finmath.smartcontract.settlement.Settlement.setSettlementNPVPrevious(java.math.BigDecimal)" because "this.settlement" is null
        at net.finmath.smartcontract.settlement.SettlementGenerator.settlementNPVPrevious(SettlementGenerator.java:58)
      ```
      
      Recompile the project to make sure the new factory / annotation / getter / etc
      is available to Cover.
      For example run `mvn install -DskipTests` or `gradle install -x test`.
      
INFO  
INFO  R013: No inputs found that don't throw a trivial exception
      Diffblue Cover tried to run the arrange/act section, but the test threw
      java.lang.NullPointerException: Cannot invoke "net.finmath.smartcontract.settlement.Settlement.setSettlementTimeNext(java.time.ZonedDateTime)" because "this.settlement" is null
          at net.finmath.smartcontract.settlement.SettlementGenerator.settlementTimeNext(SettlementGenerator.java:63)
      In order to prevent the method under test
      from throwing NullPointerException, add constructors or factory
      methods that make it easier to construct fully initialized objects used in
      the method under test.
      See https://diff.blue/R013 to resolve this issue.
      
INFO  Affected methods:
      net.finmath.smartcontract.settlement.SettlementGenerator.settlementTimeNext:(Ljava/time/ZonedDateTime;)Lnet/finmath/smartcontract/settlement/SettlementGenerator;
      
INFO  To resolve the issue, use the following prompt with your AI assistant:
      
      We are unit testing `net.finmath.smartcontract.settlement.SettlementGenerator.settlementTimeNext:(Ljava/time/ZonedDateTime;)Lnet/finmath/smartcontract/settlement/SettlementGenerator;`.
      
      Create a parameterless factory method for the problematic
      parameter/this object, determining which by reading the error message below.
      The new factory method should be in the test classpath, not production.
      Create a new factory class if there isn't already one for the class under test.
      Do not create a test yourself, only a factory (don't test the factory either).
      The factory method must be annotated with 
      `@com.diffblue.cover.annotations.InterestingTestFactory`.
      Avoid using mocks, these tend to produce unused stubbing errors or a
      `java.lang.NullPointerException`.
      If your environment has internet access then further documentation on
      factory methods for Cover can be found here:
      https://docs.diffblue.com/features/tutorials/increase-code-coverage#test-factory-pattern
      
      The factory should produce a parameter/this object such that
      the following exception does not occur:
      
      ```
      java.lang.NullPointerException: Cannot invoke "net.finmath.smartcontract.settlement.Settlement.setSettlementTimeNext(java.time.ZonedDateTime)" because "this.settlement" is null
        at net.finmath.smartcontract.settlement.SettlementGenerator.settlementTimeNext(SettlementGenerator.java:63)
      ```
      
      Recompile the project to make sure the new factory / annotation / getter / etc
      is available to Cover.
      For example run `mvn install -DskipTests` or `gradle install -x test`.
      
INFO  
INFO  R013: No inputs found that don't throw a trivial exception
      Diffblue Cover tried to run the arrange/act section, but the test threw
      java.time.format.DateTimeParseException: Text 'Str' could not be parsed at index 0
          at java.time.format.DateTimeFormatter.parseResolved0(DateTimeFormatter.java:2052)
          at java.time.format.DateTimeFormatter.parse(DateTimeFormatter.java:1954)
          at java.time.LocalDateTime.parse(LocalDateTime.java:494)
          at net.finmath.smartcontract.settlement.ZonedDateTimeAdapter.unmarshal(ZonedDateTimeAdapter.java:20)
      In order to prevent the method under test
      from throwing DateTimeParseException, add constructors or factory
      methods that make it easier to construct fully initialized objects used in
      the method under test.
      See https://diff.blue/R013 to resolve this issue.
      
INFO  Affected methods:
      net.finmath.smartcontract.settlement.ZonedDateTimeAdapter.unmarshal:(Ljava/lang/String;)Ljava/time/ZonedDateTime;
      
INFO  To resolve the issue, use the following prompt with your AI assistant:
      
      We are unit testing `net.finmath.smartcontract.settlement.ZonedDateTimeAdapter.unmarshal:(Ljava/lang/String;)Ljava/time/ZonedDateTime;`.
      
      Create a parameterless factory method for the problematic
      parameter/this object, determining which by reading the error message below.
      The new factory method should be in the test classpath, not production.
      Create a new factory class if there isn't already one for the class under test.
      Do not create a test yourself, only a factory (don't test the factory either).
      The factory method must be annotated with 
      `@com.diffblue.cover.annotations.InterestingTestFactory`.
      Avoid using mocks, these tend to produce unused stubbing errors or a
      `java.lang.NullPointerException`.
      If your environment has internet access then further documentation on
      factory methods for Cover can be found here:
      https://docs.diffblue.com/features/tutorials/increase-code-coverage#test-factory-pattern
      
      The factory should produce a parameter/this object such that
      the following exception does not occur:
      
      ```
      java.time.format.DateTimeParseException: Text 'Str' could not be parsed at index 0
        at java.time.format.DateTimeFormatter.parseResolved0(DateTimeFormatter.java:2052)
        at java.time.format.DateTimeFormatter.parse(DateTimeFormatter.java:1954)
        at java.time.LocalDateTime.parse(LocalDateTime.java:494)
        at net.finmath.smartcontract.settlement.ZonedDateTimeAdapter.unmarshal(ZonedDateTimeAdapter.java:20)
      ```
      
      Recompile the project to make sure the new factory / annotation / getter / etc
      is available to Cover.
      For example run `mvn install -DskipTests` or `gradle install -x test`.
      
INFO  
INFO  R013: No inputs found that don't throw a trivial exception
      Diffblue Cover tried to run the arrange/act section, but the test threw
      net.finmath.smartcontract.model.SDCException: SDC_JAXB_ERROR null
          at net.finmath.smartcontract.product.xml.SDCXMLParser.unmarshalXml(SDCXMLParser.java:146)
          at net.finmath.smartcontract.product.xml.SDCXMLParser.parse(SDCXMLParser.java:67)
          at net.finmath.smartcontract.valuation.implementation.MarginCalculator.getValue(MarginCalculator.java:158)
      In order to prevent the method under test
      from throwing SDCException, add constructors or factory
      methods that make it easier to construct fully initialized objects used in
      the method under test.
      See https://diff.blue/R013 to resolve this issue.
      
INFO  Affected methods:
      net.finmath.smartcontract.valuation.implementation.MarginCalculator.getValue:(Ljava/lang/String;Ljava/lang/String;)Lnet/finmath/smartcontract/model/ValueResult;
      
INFO  To resolve the issue, use the following prompt with your AI assistant:
      
      We are unit testing `net.finmath.smartcontract.valuation.implementation.MarginCalculator.getValue:(Ljava/lang/String;Ljava/lang/String;)Lnet/finmath/smartcontract/model/ValueResult;`.
      
      Create a parameterless factory method for the problematic
      parameter/this object, determining which by reading the error message below.
      The new factory method should be in the test classpath, not production.
      Create a new factory class if there isn't already one for the class under test.
      Do not create a test yourself, only a factory (don't test the factory either).
      The factory method must be annotated with 
      `@com.diffblue.cover.annotations.InterestingTestFactory`.
      Avoid using mocks, these tend to produce unused stubbing errors or a
      `java.lang.NullPointerException`.
      If your environment has internet access then further documentation on
      factory methods for Cover can be found here:
      https://docs.diffblue.com/features/tutorials/increase-code-coverage#test-factory-pattern
      
      The factory should produce a parameter/this object such that
      the following exception does not occur:
      
      ```
      net.finmath.smartcontract.model.SDCException: SDC_JAXB_ERROR null
        at net.finmath.smartcontract.product.xml.SDCXMLParser.unmarshalXml(SDCXMLParser.java:146)
        at net.finmath.smartcontract.product.xml.SDCXMLParser.parse(SDCXMLParser.java:67)
        at net.finmath.smartcontract.valuation.implementation.MarginCalculator.getValue(MarginCalculator.java:158)
      ```
      
      Recompile the project to make sure the new factory / annotation / getter / etc
      is available to Cover.
      For example run `mvn install -DskipTests` or `gradle install -x test`.
      
INFO  
INFO  R013: No inputs found that don't throw a trivial exception
      Diffblue Cover tried to run the arrange/act section, but the test threw
      net.finmath.smartcontract.model.SDCException: SDC_JAXB_ERROR null
          at net.finmath.smartcontract.product.xml.SDCXMLParser.unmarshalXml(SDCXMLParser.java:146)
          at net.finmath.smartcontract.product.xml.SDCXMLParser.parse(SDCXMLParser.java:67)
          at net.finmath.smartcontract.valuation.implementation.MarginCalculator.getValues(MarginCalculator.java:68)
          at net.finmath.smartcontract.valuation.implementation.MarginCalculator.getValue(MarginCalculator.java:96)
      In order to prevent the method under test
      from throwing SDCException, add constructors or factory
      methods that make it easier to construct fully initialized objects used in
      the method under test.
      See https://diff.blue/R013 to resolve this issue.
      
INFO  Affected methods:
      net.finmath.smartcontract.valuation.implementation.MarginCalculator.getValue:(Ljava/lang/String;Ljava/lang/String;Ljava/lang/String;)Lnet/finmath/smartcontract/model/MarginResult;
      
INFO  To resolve the issue, use the following prompt with your AI assistant:
      
      We are unit testing `net.finmath.smartcontract.valuation.implementation.MarginCalculator.getValue:(Ljava/lang/String;Ljava/lang/String;Ljava/lang/String;)Lnet/finmath/smartcontract/model/MarginResult;`.
      
      Create a parameterless factory method for the problematic
      parameter/this object, determining which by reading the error message below.
      The new factory method should be in the test classpath, not production.
      Create a new factory class if there isn't already one for the class under test.
      Do not create a test yourself, only a factory (don't test the factory either).
      The factory method must be annotated with 
      `@com.diffblue.cover.annotations.InterestingTestFactory`.
      Avoid using mocks, these tend to produce unused stubbing errors or a
      `java.lang.NullPointerException`.
      If your environment has internet access then further documentation on
      factory methods for Cover can be found here:
      https://docs.diffblue.com/features/tutorials/increase-code-coverage#test-factory-pattern
      
      The factory should produce a parameter/this object such that
      the following exception does not occur:
      
      ```
      net.finmath.smartcontract.model.SDCException: SDC_JAXB_ERROR null
        at net.finmath.smartcontract.product.xml.SDCXMLParser.unmarshalXml(SDCXMLParser.java:146)
        at net.finmath.smartcontract.product.xml.SDCXMLParser.parse(SDCXMLParser.java:67)
        at net.finmath.smartcontract.valuation.implementation.MarginCalculator.getValues(MarginCalculator.java:68)
        at net.finmath.smartcontract.valuation.implementation.MarginCalculator.getValue(MarginCalculator.java:96)
      ```
      
      Recompile the project to make sure the new factory / annotation / getter / etc
      is available to Cover.
      For example run `mvn install -DskipTests` or `gradle install -x test`.
      
INFO  
INFO  R013: No inputs found that don't throw a trivial exception
      Diffblue Cover tried to run the arrange/act section, but the test threw
      net.finmath.smartcontract.model.SDCException: SDC_JAXB_ERROR null
          at net.finmath.smartcontract.product.xml.SDCXMLParser.unmarshalXml(SDCXMLParser.java:146)
          at net.finmath.smartcontract.product.xml.SDCXMLParser.parse(SDCXMLParser.java:67)
          at net.finmath.smartcontract.valuation.implementation.MarginCalculator.getValue(MarginCalculator.java:189)
      In order to prevent the method under test
      from throwing SDCException, add constructors or factory
      methods that make it easier to construct fully initialized objects used in
      the method under test.
      See https://diff.blue/R013 to resolve this issue.
      
INFO  Affected methods:
      net.finmath.smartcontract.valuation.implementation.MarginCalculator.getValue:(Lnet/finmath/smartcontract/model/MarketDataList;Ljava/lang/String;)Lnet/finmath/smartcontract/model/ValueResult;
      
INFO  To resolve the issue, use the following prompt with your AI assistant:
      
      We are unit testing `net.finmath.smartcontract.valuation.implementation.MarginCalculator.getValue:(Lnet/finmath/smartcontract/model/MarketDataList;Ljava/lang/String;)Lnet/finmath/smartcontract/model/ValueResult;`.
      
      Create a parameterless factory method for the problematic
      parameter/this object, determining which by reading the error message below.
      The new factory method should be in the test classpath, not production.
      Create a new factory class if there isn't already one for the class under test.
      Do not create a test yourself, only a factory (don't test the factory either).
      The factory method must be annotated with 
      `@com.diffblue.cover.annotations.InterestingTestFactory`.
      Avoid using mocks, these tend to produce unused stubbing errors or a
      `java.lang.NullPointerException`.
      If your environment has internet access then further documentation on
      factory methods for Cover can be found here:
      https://docs.diffblue.com/features/tutorials/increase-code-coverage#test-factory-pattern
      
      The factory should produce a parameter/this object such that
      the following exception does not occur:
      
      ```
      net.finmath.smartcontract.model.SDCException: SDC_JAXB_ERROR null
        at net.finmath.smartcontract.product.xml.SDCXMLParser.unmarshalXml(SDCXMLParser.java:146)
        at net.finmath.smartcontract.product.xml.SDCXMLParser.parse(SDCXMLParser.java:67)
        at net.finmath.smartcontract.valuation.implementation.MarginCalculator.getValue(MarginCalculator.java:189)
      ```
      
      Recompile the project to make sure the new factory / annotation / getter / etc
      is available to Cover.
      For example run `mvn install -DskipTests` or `gradle install -x test`.
      
INFO  
INFO  R013: No inputs found that don't throw a trivial exception
      Diffblue Cover tried to run the arrange/act section, but the test threw
      net.finmath.smartcontract.model.SDCException: SDC_JAXB_ERROR null
          at net.finmath.smartcontract.product.xml.SDCXMLParser.unmarshalXml(SDCXMLParser.java:146)
          at net.finmath.smartcontract.product.xml.SDCXMLParser.parse(SDCXMLParser.java:67)
          at net.finmath.smartcontract.valuation.implementation.MarginCalculator.getValues(MarginCalculator.java:105)
          at net.finmath.smartcontract.valuation.implementation.MarginCalculator.getValue(MarginCalculator.java:149)
      In order to prevent the method under test
      from throwing SDCException, add constructors or factory
      methods that make it easier to construct fully initialized objects used in
      the method under test.
      See https://diff.blue/R013 to resolve this issue.
      
INFO  Affected methods:
      net.finmath.smartcontract.valuation.implementation.MarginCalculator.getValue:(Lnet/finmath/smartcontract/model/MarketDataList;Lnet/finmath/smartcontract/model/MarketDataList;Ljava/lang/String;)Lnet/finmath/smartcontract/model/MarginResult;
      
INFO  To resolve the issue, use the following prompt with your AI assistant:
      
      We are unit testing `net.finmath.smartcontract.valuation.implementation.MarginCalculator.getValue:(Lnet/finmath/smartcontract/model/MarketDataList;Lnet/finmath/smartcontract/model/MarketDataList;Ljava/lang/String;)Lnet/finmath/smartcontract/model/MarginResult;`.
      
      Create a parameterless factory method for the problematic
      parameter/this object, determining which by reading the error message below.
      The new factory method should be in the test classpath, not production.
      Create a new factory class if there isn't already one for the class under test.
      Do not create a test yourself, only a factory (don't test the factory either).
      The factory method must be annotated with 
      `@com.diffblue.cover.annotations.InterestingTestFactory`.
      Avoid using mocks, these tend to produce unused stubbing errors or a
      `java.lang.NullPointerException`.
      If your environment has internet access then further documentation on
      factory methods for Cover can be found here:
      https://docs.diffblue.com/features/tutorials/increase-code-coverage#test-factory-pattern
      
      The factory should produce a parameter/this object such that
      the following exception does not occur:
      
      ```
      net.finmath.smartcontract.model.SDCException: SDC_JAXB_ERROR null
        at net.finmath.smartcontract.product.xml.SDCXMLParser.unmarshalXml(SDCXMLParser.java:146)
        at net.finmath.smartcontract.product.xml.SDCXMLParser.parse(SDCXMLParser.java:67)
        at net.finmath.smartcontract.valuation.implementation.MarginCalculator.getValues(MarginCalculator.java:105)
        at net.finmath.smartcontract.valuation.implementation.MarginCalculator.getValue(MarginCalculator.java:149)
      ```
      
      Recompile the project to make sure the new factory / annotation / getter / etc
      is available to Cover.
      For example run `mvn install -DskipTests` or `gradle install -x test`.
      
INFO  
INFO  R013: No inputs found that don't throw a trivial exception
      Diffblue Cover tried to run the arrange/act section, but the test threw
      net.finmath.smartcontract.model.SDCException: SDC_JAXB_ERROR null
          at net.finmath.smartcontract.product.xml.SDCXMLParser.unmarshalXml(SDCXMLParser.java:146)
          at net.finmath.smartcontract.product.xml.SDCXMLParser.parse(SDCXMLParser.java:67)
          at net.finmath.smartcontract.valuation.implementation.MarginCalculator.getValueAtEvaluationTime(MarginCalculator.java:174)
      In order to prevent the method under test
      from throwing SDCException, add constructors or factory
      methods that make it easier to construct fully initialized objects used in
      the method under test.
      See https://diff.blue/R013 to resolve this issue.
      
INFO  Affected methods:
      net.finmath.smartcontract.valuation.implementation.MarginCalculator.getValueAtEvaluationTime:(Ljava/lang/String;Ljava/lang/String;Ljava/time/LocalDateTime;)Lnet/finmath/smartcontract/model/ValueResult;
      
INFO  To resolve the issue, use the following prompt with your AI assistant:
      
      We are unit testing `net.finmath.smartcontract.valuation.implementation.MarginCalculator.getValueAtEvaluationTime:(Ljava/lang/String;Ljava/lang/String;Ljava/time/LocalDateTime;)Lnet/finmath/smartcontract/model/ValueResult;`.
      
      Create a parameterless factory method for the problematic
      parameter/this object, determining which by reading the error message below.
      The new factory method should be in the test classpath, not production.
      Create a new factory class if there isn't already one for the class under test.
      Do not create a test yourself, only a factory (don't test the factory either).
      The factory method must be annotated with 
      `@com.diffblue.cover.annotations.InterestingTestFactory`.
      Avoid using mocks, these tend to produce unused stubbing errors or a
      `java.lang.NullPointerException`.
      If your environment has internet access then further documentation on
      factory methods for Cover can be found here:
      https://docs.diffblue.com/features/tutorials/increase-code-coverage#test-factory-pattern
      
      The factory should produce a parameter/this object such that
      the following exception does not occur:
      
      ```
      net.finmath.smartcontract.model.SDCException: SDC_JAXB_ERROR null
        at net.finmath.smartcontract.product.xml.SDCXMLParser.unmarshalXml(SDCXMLParser.java:146)
        at net.finmath.smartcontract.product.xml.SDCXMLParser.parse(SDCXMLParser.java:67)
        at net.finmath.smartcontract.valuation.implementation.MarginCalculator.getValueAtEvaluationTime(MarginCalculator.java:174)
      ```
      
      Recompile the project to make sure the new factory / annotation / getter / etc
      is available to Cover.
      For example run `mvn install -DskipTests` or `gradle install -x test`.
      
INFO  
INFO  R013: No inputs found that don't throw a trivial exception
      Diffblue Cover tried to run the arrange/act section, but the test threw
      net.finmath.smartcontract.model.SDCException: SDC_JAXB_ERROR null
          at net.finmath.smartcontract.product.xml.SDCXMLParser.unmarshalXml(SDCXMLParser.java:146)
          at net.finmath.smartcontract.product.xml.SDCXMLParser.parse(SDCXMLParser.java:67)
          at net.finmath.smartcontract.valuation.implementation.MarginCalculator.getValues(MarginCalculator.java:68)
      In order to prevent the method under test
      from throwing SDCException, add constructors or factory
      methods that make it easier to construct fully initialized objects used in
      the method under test.
      See https://diff.blue/R013 to resolve this issue.
      
INFO  Affected methods:
      net.finmath.smartcontract.valuation.implementation.MarginCalculator.getValues:(Ljava/lang/String;Ljava/lang/String;Ljava/lang/String;)Ljava/util/Map;
      
INFO  To resolve the issue, use the following prompt with your AI assistant:
      
      We are unit testing `net.finmath.smartcontract.valuation.implementation.MarginCalculator.getValues:(Ljava/lang/String;Ljava/lang/String;Ljava/lang/String;)Ljava/util/Map;`.
      
      Create a parameterless factory method for the problematic
      parameter/this object, determining which by reading the error message below.
      The new factory method should be in the test classpath, not production.
      Create a new factory class if there isn't already one for the class under test.
      Do not create a test yourself, only a factory (don't test the factory either).
      The factory method must be annotated with 
      `@com.diffblue.cover.annotations.InterestingTestFactory`.
      Avoid using mocks, these tend to produce unused stubbing errors or a
      `java.lang.NullPointerException`.
      If your environment has internet access then further documentation on
      factory methods for Cover can be found here:
      https://docs.diffblue.com/features/tutorials/increase-code-coverage#test-factory-pattern
      
      The factory should produce a parameter/this object such that
      the following exception does not occur:
      
      ```
      net.finmath.smartcontract.model.SDCException: SDC_JAXB_ERROR null
        at net.finmath.smartcontract.product.xml.SDCXMLParser.unmarshalXml(SDCXMLParser.java:146)
        at net.finmath.smartcontract.product.xml.SDCXMLParser.parse(SDCXMLParser.java:67)
        at net.finmath.smartcontract.valuation.implementation.MarginCalculator.getValues(MarginCalculator.java:68)
      ```
      
      Recompile the project to make sure the new factory / annotation / getter / etc
      is available to Cover.
      For example run `mvn install -DskipTests` or `gradle install -x test`.
      
INFO  
INFO  R013: No inputs found that don't throw a trivial exception
      Diffblue Cover tried to run the arrange/act section, but the test threw
      net.finmath.smartcontract.model.SDCException: SDC_JAXB_ERROR null
          at net.finmath.smartcontract.product.xml.SDCXMLParser.unmarshalXml(SDCXMLParser.java:146)
          at net.finmath.smartcontract.product.xml.SDCXMLParser.parse(SDCXMLParser.java:67)
          at net.finmath.smartcontract.valuation.implementation.MarginCalculator.getValues(MarginCalculator.java:105)
      In order to prevent the method under test
      from throwing SDCException, add constructors or factory
      methods that make it easier to construct fully initialized objects used in
      the method under test.
      See https://diff.blue/R013 to resolve this issue.
      
INFO  Affected methods:
      net.finmath.smartcontract.valuation.implementation.MarginCalculator.getValues:(Lnet/finmath/smartcontract/model/MarketDataList;Lnet/finmath/smartcontract/model/MarketDataList;Ljava/lang/String;)Ljava/util/Map;
      
INFO  To resolve the issue, use the following prompt with your AI assistant:
      
      We are unit testing `net.finmath.smartcontract.valuation.implementation.MarginCalculator.getValues:(Lnet/finmath/smartcontract/model/MarketDataList;Lnet/finmath/smartcontract/model/MarketDataList;Ljava/lang/String;)Ljava/util/Map;`.
      
      Create a parameterless factory method for the problematic
      parameter/this object, determining which by reading the error message below.
      The new factory method should be in the test classpath, not production.
      Create a new factory class if there isn't already one for the class under test.
      Do not create a test yourself, only a factory (don't test the factory either).
      The factory method must be annotated with 
      `@com.diffblue.cover.annotations.InterestingTestFactory`.
      Avoid using mocks, these tend to produce unused stubbing errors or a
      `java.lang.NullPointerException`.
      If your environment has internet access then further documentation on
      factory methods for Cover can be found here:
      https://docs.diffblue.com/features/tutorials/increase-code-coverage#test-factory-pattern
      
      The factory should produce a parameter/this object such that
      the following exception does not occur:
      
      ```
      net.finmath.smartcontract.model.SDCException: SDC_JAXB_ERROR null
        at net.finmath.smartcontract.product.xml.SDCXMLParser.unmarshalXml(SDCXMLParser.java:146)
        at net.finmath.smartcontract.product.xml.SDCXMLParser.parse(SDCXMLParser.java:67)
        at net.finmath.smartcontract.valuation.implementation.MarginCalculator.getValues(MarginCalculator.java:105)
      ```
      
      Recompile the project to make sure the new factory / annotation / getter / etc
      is available to Cover.
      For example run `mvn install -DskipTests` or `gradle install -x test`.
      
INFO  
INFO  R013: No inputs found that don't throw a trivial exception
      Diffblue Cover tried to run the arrange/act section, but the test threw
      net.finmath.smartcontract.model.SDCException: SDC_JAXB_ERROR null
          at net.finmath.smartcontract.product.xml.SDCXMLParser.unmarshalXml(SDCXMLParser.java:146)
          at net.finmath.smartcontract.valuation.marketdata.curvecalibration.CalibrationParserDataItems.getCalibrationDataSetFromXML(CalibrationParserDataItems.java:93)
      In order to prevent the method under test
      from throwing SDCException, add constructors or factory
      methods that make it easier to construct fully initialized objects used in
      the method under test.
      See https://diff.blue/R013 to resolve this issue.
      
INFO  Affected methods:
      net.finmath.smartcontract.valuation.marketdata.curvecalibration.CalibrationParserDataItems.getCalibrationDataSetFromXML:(Ljava/lang/String;Ljava/util/List;)Lnet/finmath/smartcontract/valuation/marketdata/curvecalibration/CalibrationDataset;
      
INFO  To resolve the issue, use the following prompt with your AI assistant:
      
      We are unit testing `net.finmath.smartcontract.valuation.marketdata.curvecalibration.CalibrationParserDataItems.getCalibrationDataSetFromXML:(Ljava/lang/String;Ljava/util/List;)Lnet/finmath/smartcontract/valuation/marketdata/curvecalibration/CalibrationDataset;`.
      
      Create a parameterless factory method for the problematic
      parameter/this object, determining which by reading the error message below.
      The new factory method should be in the test classpath, not production.
      Create a new factory class if there isn't already one for the class under test.
      Do not create a test yourself, only a factory (don't test the factory either).
      The factory method must be annotated with 
      `@com.diffblue.cover.annotations.InterestingTestFactory`.
      Avoid using mocks, these tend to produce unused stubbing errors or a
      `java.lang.NullPointerException`.
      If your environment has internet access then further documentation on
      factory methods for Cover can be found here:
      https://docs.diffblue.com/features/tutorials/increase-code-coverage#test-factory-pattern
      
      The factory should produce a parameter/this object such that
      the following exception does not occur:
      
      ```
      net.finmath.smartcontract.model.SDCException: SDC_JAXB_ERROR null
        at net.finmath.smartcontract.product.xml.SDCXMLParser.unmarshalXml(SDCXMLParser.java:146)
        at net.finmath.smartcontract.valuation.marketdata.curvecalibration.CalibrationParserDataItems.getCalibrationDataSetFromXML(CalibrationParserDataItems.java:93)
      ```
      
      Recompile the project to make sure the new factory / annotation / getter / etc
      is available to Cover.
      For example run `mvn install -DskipTests` or `gradle install -x test`.
      
INFO  
INFO  R013: No inputs found that don't throw a trivial exception
      Diffblue Cover tried to run the arrange/act section, but the test threw
      java.time.format.DateTimeParseException: Text 'Str' could not be parsed at index 0
          at java.time.format.DateTimeFormatter.parseResolved0(DateTimeFormatter.java:2052)
          at java.time.format.DateTimeFormatter.parse(DateTimeFormatter.java:1954)
          at java.time.LocalDateTime.parse(LocalDateTime.java:494)
          at net.finmath.smartcontract.valuation.marketdata.data.LocalDateTimeAdapter.unmarshal(LocalDateTimeAdapter.java:19)
      In order to prevent the method under test
      from throwing DateTimeParseException, add constructors or factory
      methods that make it easier to construct fully initialized objects used in
      the method under test.
      See https://diff.blue/R013 to resolve this issue.
      
INFO  Affected methods:
      net.finmath.smartcontract.valuation.marketdata.data.LocalDateTimeAdapter.unmarshal:(Ljava/lang/String;)Ljava/time/LocalDateTime;
      
INFO  To resolve the issue, use the following prompt with your AI assistant:
      
      We are unit testing `net.finmath.smartcontract.valuation.marketdata.data.LocalDateTimeAdapter.unmarshal:(Ljava/lang/String;)Ljava/time/LocalDateTime;`.
      
      Create a parameterless factory method for the problematic
      parameter/this object, determining which by reading the error message below.
      The new factory method should be in the test classpath, not production.
      Create a new factory class if there isn't already one for the class under test.
      Do not create a test yourself, only a factory (don't test the factory either).
      The factory method must be annotated with 
      `@com.diffblue.cover.annotations.InterestingTestFactory`.
      Avoid using mocks, these tend to produce unused stubbing errors or a
      `java.lang.NullPointerException`.
      If your environment has internet access then further documentation on
      factory methods for Cover can be found here:
      https://docs.diffblue.com/features/tutorials/increase-code-coverage#test-factory-pattern
      
      The factory should produce a parameter/this object such that
      the following exception does not occur:
      
      ```
      java.time.format.DateTimeParseException: Text 'Str' could not be parsed at index 0
        at java.time.format.DateTimeFormatter.parseResolved0(DateTimeFormatter.java:2052)
        at java.time.format.DateTimeFormatter.parse(DateTimeFormatter.java:1954)
        at java.time.LocalDateTime.parse(LocalDateTime.java:494)
        at net.finmath.smartcontract.valuation.marketdata.data.LocalDateTimeAdapter.unmarshal(LocalDateTimeAdapter.java:19)
      ```
      
      Recompile the project to make sure the new factory / annotation / getter / etc
      is available to Cover.
      For example run `mvn install -DskipTests` or `gradle install -x test`.
      
INFO  
INFO  R013: No inputs found that don't throw a trivial exception
      Diffblue Cover tried to run the arrange/act section, but the test threw
      java.lang.NullPointerException: Cannot invoke "java.sql.Connection.createStatement()" because "this.connection" is null
          at net.finmath.smartcontract.valuation.marketdata.database.DatabaseConnector.updateDatabase(DatabaseConnector.java:121)
      In order to prevent the method under test
      from throwing NullPointerException, add constructors or factory
      methods that make it easier to construct fully initialized objects used in
      the method under test.
      See https://diff.blue/R013 to resolve this issue.
      
INFO  Affected methods:
      net.finmath.smartcontract.valuation.marketdata.database.DatabaseConnector.updateDatabase:()V
      
INFO  To resolve the issue, use the following prompt with your AI assistant:
      
      We are unit testing `net.finmath.smartcontract.valuation.marketdata.database.DatabaseConnector.updateDatabase:()V`.
      
      Create a parameterless factory method for the problematic
      parameter/this object, determining which by reading the error message below.
      The new factory method should be in the test classpath, not production.
      Create a new factory class if there isn't already one for the class under test.
      Do not create a test yourself, only a factory (don't test the factory either).
      The factory method must be annotated with 
      `@com.diffblue.cover.annotations.InterestingTestFactory`.
      Avoid using mocks, these tend to produce unused stubbing errors or a
      `java.lang.NullPointerException`.
      If your environment has internet access then further documentation on
      factory methods for Cover can be found here:
      https://docs.diffblue.com/features/tutorials/increase-code-coverage#test-factory-pattern
      
      The factory should produce a parameter/this object such that
      the following exception does not occur:
      
      ```
      java.lang.NullPointerException: Cannot invoke "java.sql.Connection.createStatement()" because "this.connection" is null
        at net.finmath.smartcontract.valuation.marketdata.database.DatabaseConnector.updateDatabase(DatabaseConnector.java:121)
      ```
      
      Recompile the project to make sure the new factory / annotation / getter / etc
      is available to Cover.
      For example run `mvn install -DskipTests` or `gradle install -x test`.
      
INFO  
INFO  R013: No inputs found that don't throw a trivial exception
      Diffblue Cover tried to run the arrange/act section, but the test threw
      java.lang.RuntimeException: java.lang.NullPointerException: Cannot invoke "net.finmath.smartcontract.product.SmartDerivativeContractDescriptor.getMarketdataItemList()" because "sdc" is null
          at net.finmath.smartcontract.valuation.marketdata.generators.MarketDataGeneratorLauncher.instantiateMarketDataGeneratorWebsocket(MarketDataGeneratorLauncher.java:59)
      In order to prevent the method under test
      from throwing RuntimeException, add constructors or factory
      methods that make it easier to construct fully initialized objects used in
      the method under test.
      See https://diff.blue/R013 to resolve this issue.
      
INFO  Affected methods:
      net.finmath.smartcontract.valuation.marketdata.generators.MarketDataGeneratorLauncher.instantiateMarketDataGeneratorWebsocket:(Ljava/util/Properties;Lnet/finmath/smartcontract/product/SmartDerivativeContractDescriptor;)Lnet/finmath/smartcontract/model/MarketDataList;
      
INFO  To resolve the issue, use the following prompt with your AI assistant:
      
      We are unit testing `net.finmath.smartcontract.valuation.marketdata.generators.MarketDataGeneratorLauncher.instantiateMarketDataGeneratorWebsocket:(Ljava/util/Properties;Lnet/finmath/smartcontract/product/SmartDerivativeContractDescriptor;)Lnet/finmath/smartcontract/model/MarketDataList;`.
      
      Create a parameterless factory method for the problematic
      parameter/this object, determining which by reading the error message below.
      The new factory method should be in the test classpath, not production.
      Create a new factory class if there isn't already one for the class under test.
      Do not create a test yourself, only a factory (don't test the factory either).
      The factory method must be annotated with 
      `@com.diffblue.cover.annotations.InterestingTestFactory`.
      Avoid using mocks, these tend to produce unused stubbing errors or a
      `java.lang.NullPointerException`.
      If your environment has internet access then further documentation on
      factory methods for Cover can be found here:
      https://docs.diffblue.com/features/tutorials/increase-code-coverage#test-factory-pattern
      
      The factory should produce a parameter/this object such that
      the following exception does not occur:
      
      ```
      java.lang.RuntimeException: java.lang.NullPointerException: Cannot invoke "net.finmath.smartcontract.product.SmartDerivativeContractDescriptor.getMarketdataItemList()" because "sdc" is null
        at net.finmath.smartcontract.valuation.marketdata.generators.MarketDataGeneratorLauncher.instantiateMarketDataGeneratorWebsocket(MarketDataGeneratorLauncher.java:59)
      java.lang.NullPointerException: Cannot invoke "net.finmath.smartcontract.product.SmartDerivativeContractDescriptor.getMarketdataItemList()" because "sdc" is null
        at net.finmath.smartcontract.valuation.marketdata.generators.MarketDataGeneratorLauncher.instantiateMarketDataGeneratorWebsocket(MarketDataGeneratorLauncher.java:33)
      ```
      
      Recompile the project to make sure the new factory / annotation / getter / etc
      is available to Cover.
      For example run `mvn install -DskipTests` or `gradle install -x test`.
      
INFO  
INFO  R013: No inputs found that don't throw a trivial exception
      Diffblue Cover tried to run the arrange/act section, but the test threw
      java.lang.NullPointerException: Cannot invoke "org.springframework.security.core.Authentication.getPrincipal()" because the return value of "org.springframework.security.core.context.SecurityContext.getAuthentication()" is null
          at net.finmath.smartcontract.valuation.service.controllers.PlainSwapEditorController.changeDataset(PlainSwapEditorController.java:527)
      In order to prevent the method under test
      from throwing NullPointerException, add constructors or factory
      methods that make it easier to construct fully initialized objects used in
      the method under test.
      See https://diff.blue/R013 to resolve this issue.
      
INFO  Affected methods:
      net.finmath.smartcontract.valuation.service.controllers.PlainSwapEditorController.changeDataset:(Ljava/lang/String;)Lorg/springframework/http/ResponseEntity;
      
INFO  To resolve the issue, use the following prompt with your AI assistant:
      
      We are unit testing `net.finmath.smartcontract.valuation.service.controllers.PlainSwapEditorController.changeDataset:(Ljava/lang/String;)Lorg/springframework/http/ResponseEntity;`.
      
      Create a parameterless factory method for the problematic
      parameter/this object, determining which by reading the error message below.
      The new factory method should be in the test classpath, not production.
      Create a new factory class if there isn't already one for the class under test.
      Do not create a test yourself, only a factory (don't test the factory either).
      The factory method must be annotated with 
      `@com.diffblue.cover.annotations.InterestingTestFactory`.
      Avoid using mocks, these tend to produce unused stubbing errors or a
      `java.lang.NullPointerException`.
      If your environment has internet access then further documentation on
      factory methods for Cover can be found here:
      https://docs.diffblue.com/features/tutorials/increase-code-coverage#test-factory-pattern
      
      The factory should produce a parameter/this object such that
      the following exception does not occur:
      
      ```
      java.lang.NullPointerException: Cannot invoke "org.springframework.security.core.Authentication.getPrincipal()" because the return value of "org.springframework.security.core.context.SecurityContext.getAuthentication()" is null
        at net.finmath.smartcontract.valuation.service.controllers.PlainSwapEditorController.changeDataset(PlainSwapEditorController.java:527)
      ```
      
      Recompile the project to make sure the new factory / annotation / getter / etc
      is available to Cover.
      For example run `mvn install -DskipTests` or `gradle install -x test`.
      
INFO  
INFO  R013: No inputs found that don't throw a trivial exception
      Diffblue Cover tried to run the arrange/act section, but the test threw
      java.lang.NullPointerException: Cannot invoke "org.springframework.security.core.Authentication.getPrincipal()" because the return value of "org.springframework.security.core.context.SecurityContext.getAuthentication()" is null
          at net.finmath.smartcontract.valuation.service.controllers.PlainSwapEditorController.getFixedSchedule(PlainSwapEditorController.java:191)
      In order to prevent the method under test
      from throwing NullPointerException, add constructors or factory
      methods that make it easier to construct fully initialized objects used in
      the method under test.
      See https://diff.blue/R013 to resolve this issue.
      
INFO  Affected methods:
      net.finmath.smartcontract.valuation.service.controllers.PlainSwapEditorController.getFixedSchedule:(Lnet/finmath/smartcontract/model/PlainSwapOperationRequest;)Lorg/springframework/http/ResponseEntity;
      
INFO  To resolve the issue, use the following prompt with your AI assistant:
      
      We are unit testing `net.finmath.smartcontract.valuation.service.controllers.PlainSwapEditorController.getFixedSchedule:(Lnet/finmath/smartcontract/model/PlainSwapOperationRequest;)Lorg/springframework/http/ResponseEntity;`.
      
      Create a parameterless factory method for the problematic
      parameter/this object, determining which by reading the error message below.
      The new factory method should be in the test classpath, not production.
      Create a new factory class if there isn't already one for the class under test.
      Do not create a test yourself, only a factory (don't test the factory either).
      The factory method must be annotated with 
      `@com.diffblue.cover.annotations.InterestingTestFactory`.
      Avoid using mocks, these tend to produce unused stubbing errors or a
      `java.lang.NullPointerException`.
      If your environment has internet access then further documentation on
      factory methods for Cover can be found here:
      https://docs.diffblue.com/features/tutorials/increase-code-coverage#test-factory-pattern
      
      The factory should produce a parameter/this object such that
      the following exception does not occur:
      
      ```
      java.lang.NullPointerException: Cannot invoke "org.springframework.security.core.Authentication.getPrincipal()" because the return value of "org.springframework.security.core.context.SecurityContext.getAuthentication()" is null
        at net.finmath.smartcontract.valuation.service.controllers.PlainSwapEditorController.getFixedSchedule(PlainSwapEditorController.java:191)
      ```
      
      Recompile the project to make sure the new factory / annotation / getter / etc
      is available to Cover.
      For example run `mvn install -DskipTests` or `gradle install -x test`.
      
INFO  
INFO  R013: No inputs found that don't throw a trivial exception
      Diffblue Cover tried to run the arrange/act section, but the test threw
      java.lang.NullPointerException: Cannot invoke "org.springframework.security.core.Authentication.getPrincipal()" because the return value of "org.springframework.security.core.context.SecurityContext.getAuthentication()" is null
          at net.finmath.smartcontract.valuation.service.controllers.PlainSwapEditorController.getFloatingSchedule(PlainSwapEditorController.java:237)
      In order to prevent the method under test
      from throwing NullPointerException, add constructors or factory
      methods that make it easier to construct fully initialized objects used in
      the method under test.
      See https://diff.blue/R013 to resolve this issue.
      
INFO  Affected methods:
      net.finmath.smartcontract.valuation.service.controllers.PlainSwapEditorController.getFloatingSchedule:(Lnet/finmath/smartcontract/model/PlainSwapOperationRequest;)Lorg/springframework/http/ResponseEntity;
      
INFO  To resolve the issue, use the following prompt with your AI assistant:
      
      We are unit testing `net.finmath.smartcontract.valuation.service.controllers.PlainSwapEditorController.getFloatingSchedule:(Lnet/finmath/smartcontract/model/PlainSwapOperationRequest;)Lorg/springframework/http/ResponseEntity;`.
      
      Create a parameterless factory method for the problematic
      parameter/this object, determining which by reading the error message below.
      The new factory method should be in the test classpath, not production.
      Create a new factory class if there isn't already one for the class under test.
      Do not create a test yourself, only a factory (don't test the factory either).
      The factory method must be annotated with 
      `@com.diffblue.cover.annotations.InterestingTestFactory`.
      Avoid using mocks, these tend to produce unused stubbing errors or a
      `java.lang.NullPointerException`.
      If your environment has internet access then further documentation on
      factory methods for Cover can be found here:
      https://docs.diffblue.com/features/tutorials/increase-code-coverage#test-factory-pattern
      
      The factory should produce a parameter/this object such that
      the following exception does not occur:
      
      ```
      java.lang.NullPointerException: Cannot invoke "org.springframework.security.core.Authentication.getPrincipal()" because the return value of "org.springframework.security.core.context.SecurityContext.getAuthentication()" is null
        at net.finmath.smartcontract.valuation.service.controllers.PlainSwapEditorController.getFloatingSchedule(PlainSwapEditorController.java:237)
      ```
      
      Recompile the project to make sure the new factory / annotation / getter / etc
      is available to Cover.
      For example run `mvn install -DskipTests` or `gradle install -x test`.
      
INFO  
INFO  R013: No inputs found that don't throw a trivial exception
      Diffblue Cover tried to run the arrange/act section, but the test threw
      java.lang.NullPointerException: Cannot invoke "org.springframework.security.core.Authentication.getPrincipal()" because the return value of "org.springframework.security.core.context.SecurityContext.getAuthentication()" is null
          at net.finmath.smartcontract.valuation.service.controllers.PlainSwapEditorController.getParRate(PlainSwapEditorController.java:439)
      In order to prevent the method under test
      from throwing NullPointerException, add constructors or factory
      methods that make it easier to construct fully initialized objects used in
      the method under test.
      See https://diff.blue/R013 to resolve this issue.
      
INFO  Affected methods:
      net.finmath.smartcontract.valuation.service.controllers.PlainSwapEditorController.getParRate:(Lnet/finmath/smartcontract/model/PlainSwapOperationRequest;)Lorg/springframework/http/ResponseEntity;
      
INFO  To resolve the issue, use the following prompt with your AI assistant:
      
      We are unit testing `net.finmath.smartcontract.valuation.service.controllers.PlainSwapEditorController.getParRate:(Lnet/finmath/smartcontract/model/PlainSwapOperationRequest;)Lorg/springframework/http/ResponseEntity;`.
      
      Create a parameterless factory method for the problematic
      parameter/this object, determining which by reading the error message below.
      The new factory method should be in the test classpath, not production.
      Create a new factory class if there isn't already one for the class under test.
      Do not create a test yourself, only a factory (don't test the factory either).
      The factory method must be annotated with 
      `@com.diffblue.cover.annotations.InterestingTestFactory`.
      Avoid using mocks, these tend to produce unused stubbing errors or a
      `java.lang.NullPointerException`.
      If your environment has internet access then further documentation on
      factory methods for Cover can be found here:
      https://docs.diffblue.com/features/tutorials/increase-code-coverage#test-factory-pattern
      
      The factory should produce a parameter/this object such that
      the following exception does not occur:
      
      ```
      java.lang.NullPointerException: Cannot invoke "org.springframework.security.core.Authentication.getPrincipal()" because the return value of "org.springframework.security.core.context.SecurityContext.getAuthentication()" is null
        at net.finmath.smartcontract.valuation.service.controllers.PlainSwapEditorController.getParRate(PlainSwapEditorController.java:439)
      ```
      
      Recompile the project to make sure the new factory / annotation / getter / etc
      is available to Cover.
      For example run `mvn install -DskipTests` or `gradle install -x test`.
      
INFO  
INFO  R013: No inputs found that don't throw a trivial exception
      Diffblue Cover tried to run the arrange/act section, but the test threw
      java.lang.NullPointerException: Cannot invoke "org.springframework.security.core.Authentication.getPrincipal()" because the return value of "org.springframework.security.core.context.SecurityContext.getAuthentication()" is null
          at net.finmath.smartcontract.valuation.service.controllers.PlainSwapEditorController.getSavedContracts(PlainSwapEditorController.java:499)
      In order to prevent the method under test
      from throwing NullPointerException, add constructors or factory
      methods that make it easier to construct fully initialized objects used in
      the method under test.
      See https://diff.blue/R013 to resolve this issue.
      
INFO  Affected methods:
      net.finmath.smartcontract.valuation.service.controllers.PlainSwapEditorController.getSavedContracts:()Lorg/springframework/http/ResponseEntity;
      
INFO  To resolve the issue, use the following prompt with your AI assistant:
      
      We are unit testing `net.finmath.smartcontract.valuation.service.controllers.PlainSwapEditorController.getSavedContracts:()Lorg/springframework/http/ResponseEntity;`.
      
      Create a parameterless factory method for the problematic
      parameter/this object, determining which by reading the error message below.
      The new factory method should be in the test classpath, not production.
      Create a new factory class if there isn't already one for the class under test.
      Do not create a test yourself, only a factory (don't test the factory either).
      The factory method must be annotated with 
      `@com.diffblue.cover.annotations.InterestingTestFactory`.
      Avoid using mocks, these tend to produce unused stubbing errors or a
      `java.lang.NullPointerException`.
      If your environment has internet access then further documentation on
      factory methods for Cover can be found here:
      https://docs.diffblue.com/features/tutorials/increase-code-coverage#test-factory-pattern
      
      The factory should produce a parameter/this object such that
      the following exception does not occur:
      
      ```
      java.lang.NullPointerException: Cannot invoke "org.springframework.security.core.Authentication.getPrincipal()" because the return value of "org.springframework.security.core.context.SecurityContext.getAuthentication()" is null
        at net.finmath.smartcontract.valuation.service.controllers.PlainSwapEditorController.getSavedContracts(PlainSwapEditorController.java:499)
      ```
      
      Recompile the project to make sure the new factory / annotation / getter / etc
      is available to Cover.
      For example run `mvn install -DskipTests` or `gradle install -x test`.
      
INFO  
INFO  R013: No inputs found that don't throw a trivial exception
      Diffblue Cover tried to run the arrange/act section, but the test threw
      java.lang.NullPointerException: Cannot invoke "org.springframework.security.core.Authentication.getPrincipal()" because the return value of "org.springframework.security.core.context.SecurityContext.getAuthentication()" is null
          at net.finmath.smartcontract.valuation.service.controllers.PlainSwapEditorController.getSavedMarketData(PlainSwapEditorController.java:559)
      In order to prevent the method under test
      from throwing NullPointerException, add constructors or factory
      methods that make it easier to construct fully initialized objects used in
      the method under test.
      See https://diff.blue/R013 to resolve this issue.
      
INFO  Affected methods:
      net.finmath.smartcontract.valuation.service.controllers.PlainSwapEditorController.getSavedMarketData:()Lorg/springframework/http/ResponseEntity;
      
INFO  To resolve the issue, use the following prompt with your AI assistant:
      
      We are unit testing `net.finmath.smartcontract.valuation.service.controllers.PlainSwapEditorController.getSavedMarketData:()Lorg/springframework/http/ResponseEntity;`.
      
      Create a parameterless factory method for the problematic
      parameter/this object, determining which by reading the error message below.
      The new factory method should be in the test classpath, not production.
      Create a new factory class if there isn't already one for the class under test.
      Do not create a test yourself, only a factory (don't test the factory either).
      The factory method must be annotated with 
      `@com.diffblue.cover.annotations.InterestingTestFactory`.
      Avoid using mocks, these tend to produce unused stubbing errors or a
      `java.lang.NullPointerException`.
      If your environment has internet access then further documentation on
      factory methods for Cover can be found here:
      https://docs.diffblue.com/features/tutorials/increase-code-coverage#test-factory-pattern
      
      The factory should produce a parameter/this object such that
      the following exception does not occur:
      
      ```
      java.lang.NullPointerException: Cannot invoke "org.springframework.security.core.Authentication.getPrincipal()" because the return value of "org.springframework.security.core.context.SecurityContext.getAuthentication()" is null
        at net.finmath.smartcontract.valuation.service.controllers.PlainSwapEditorController.getSavedMarketData(PlainSwapEditorController.java:559)
      ```
      
      Recompile the project to make sure the new factory / annotation / getter / etc
      is available to Cover.
      For example run `mvn install -DskipTests` or `gradle install -x test`.
      
INFO  
INFO  R013: No inputs found that don't throw a trivial exception
      Diffblue Cover tried to run the arrange/act section, but the test threw
      java.lang.NullPointerException: Cannot invoke "org.springframework.security.core.Authentication.getPrincipal()" because the return value of "org.springframework.security.core.context.SecurityContext.getAuthentication()" is null
          at net.finmath.smartcontract.valuation.service.controllers.PlainSwapEditorController.grabMarketData(PlainSwapEditorController.java:283)
      In order to prevent the method under test
      from throwing NullPointerException, add constructors or factory
      methods that make it easier to construct fully initialized objects used in
      the method under test.
      See https://diff.blue/R013 to resolve this issue.
      
INFO  Affected methods:
      net.finmath.smartcontract.valuation.service.controllers.PlainSwapEditorController.grabMarketData:()Lorg/springframework/http/ResponseEntity;
      
INFO  To resolve the issue, use the following prompt with your AI assistant:
      
      We are unit testing `net.finmath.smartcontract.valuation.service.controllers.PlainSwapEditorController.grabMarketData:()Lorg/springframework/http/ResponseEntity;`.
      
      Create a parameterless factory method for the problematic
      parameter/this object, determining which by reading the error message below.
      The new factory method should be in the test classpath, not production.
      Create a new factory class if there isn't already one for the class under test.
      Do not create a test yourself, only a factory (don't test the factory either).
      The factory method must be annotated with 
      `@com.diffblue.cover.annotations.InterestingTestFactory`.
      Avoid using mocks, these tend to produce unused stubbing errors or a
      `java.lang.NullPointerException`.
      If your environment has internet access then further documentation on
      factory methods for Cover can be found here:
      https://docs.diffblue.com/features/tutorials/increase-code-coverage#test-factory-pattern
      
      The factory should produce a parameter/this object such that
      the following exception does not occur:
      
      ```
      java.lang.NullPointerException: Cannot invoke "org.springframework.security.core.Authentication.getPrincipal()" because the return value of "org.springframework.security.core.context.SecurityContext.getAuthentication()" is null
        at net.finmath.smartcontract.valuation.service.controllers.PlainSwapEditorController.grabMarketData(PlainSwapEditorController.java:283)
      ```
      
      Recompile the project to make sure the new factory / annotation / getter / etc
      is available to Cover.
      For example run `mvn install -DskipTests` or `gradle install -x test`.
      
INFO  
INFO  R013: No inputs found that don't throw a trivial exception
      Diffblue Cover tried to run the arrange/act section, but the test threw
      java.lang.NullPointerException: Cannot invoke "org.springframework.security.core.Authentication.getPrincipal()" because the return value of "org.springframework.security.core.context.SecurityContext.getAuthentication()" is null
          at net.finmath.smartcontract.valuation.service.controllers.PlainSwapEditorController.loadContract(PlainSwapEditorController.java:587)
      In order to prevent the method under test
      from throwing NullPointerException, add constructors or factory
      methods that make it easier to construct fully initialized objects used in
      the method under test.
      See https://diff.blue/R013 to resolve this issue.
      
INFO  Affected methods:
      net.finmath.smartcontract.valuation.service.controllers.PlainSwapEditorController.loadContract:(Ljava/lang/String;)Lorg/springframework/http/ResponseEntity;
      
INFO  To resolve the issue, use the following prompt with your AI assistant:
      
      We are unit testing `net.finmath.smartcontract.valuation.service.controllers.PlainSwapEditorController.loadContract:(Ljava/lang/String;)Lorg/springframework/http/ResponseEntity;`.
      
      Create a parameterless factory method for the problematic
      parameter/this object, determining which by reading the error message below.
      The new factory method should be in the test classpath, not production.
      Create a new factory class if there isn't already one for the class under test.
      Do not create a test yourself, only a factory (don't test the factory either).
      The factory method must be annotated with 
      `@com.diffblue.cover.annotations.InterestingTestFactory`.
      Avoid using mocks, these tend to produce unused stubbing errors or a
      `java.lang.NullPointerException`.
      If your environment has internet access then further documentation on
      factory methods for Cover can be found here:
      https://docs.diffblue.com/features/tutorials/increase-code-coverage#test-factory-pattern
      
      The factory should produce a parameter/this object such that
      the following exception does not occur:
      
      ```
      java.lang.NullPointerException: Cannot invoke "org.springframework.security.core.Authentication.getPrincipal()" because the return value of "org.springframework.security.core.context.SecurityContext.getAuthentication()" is null
        at net.finmath.smartcontract.valuation.service.controllers.PlainSwapEditorController.loadContract(PlainSwapEditorController.java:587)
      ```
      
      Recompile the project to make sure the new factory / annotation / getter / etc
      is available to Cover.
      For example run `mvn install -DskipTests` or `gradle install -x test`.
      
INFO  
INFO  R013: No inputs found that don't throw a trivial exception
      Diffblue Cover tried to run the arrange/act section, but the test threw
      java.lang.NullPointerException: Cannot invoke "org.springframework.security.core.Authentication.getPrincipal()" because the return value of "org.springframework.security.core.context.SecurityContext.getAuthentication()" is null
          at net.finmath.smartcontract.valuation.service.controllers.PlainSwapEditorController.refreshMarketData(PlainSwapEditorController.java:316)
      In order to prevent the method under test
      from throwing NullPointerException, add constructors or factory
      methods that make it easier to construct fully initialized objects used in
      the method under test.
      See https://diff.blue/R013 to resolve this issue.
      
INFO  Affected methods:
      net.finmath.smartcontract.valuation.service.controllers.PlainSwapEditorController.refreshMarketData:(Lnet/finmath/smartcontract/model/PlainSwapOperationRequest;)Lorg/springframework/http/ResponseEntity;
      
INFO  To resolve the issue, use the following prompt with your AI assistant:
      
      We are unit testing `net.finmath.smartcontract.valuation.service.controllers.PlainSwapEditorController.refreshMarketData:(Lnet/finmath/smartcontract/model/PlainSwapOperationRequest;)Lorg/springframework/http/ResponseEntity;`.
      
      Create a parameterless factory method for the problematic
      parameter/this object, determining which by reading the error message below.
      The new factory method should be in the test classpath, not production.
      Create a new factory class if there isn't already one for the class under test.
      Do not create a test yourself, only a factory (don't test the factory either).
      The factory method must be annotated with 
      `@com.diffblue.cover.annotations.InterestingTestFactory`.
      Avoid using mocks, these tend to produce unused stubbing errors or a
      `java.lang.NullPointerException`.
      If your environment has internet access then further documentation on
      factory methods for Cover can be found here:
      https://docs.diffblue.com/features/tutorials/increase-code-coverage#test-factory-pattern
      
      The factory should produce a parameter/this object such that
      the following exception does not occur:
      
      ```
      java.lang.NullPointerException: Cannot invoke "org.springframework.security.core.Authentication.getPrincipal()" because the return value of "org.springframework.security.core.context.SecurityContext.getAuthentication()" is null
        at net.finmath.smartcontract.valuation.service.controllers.PlainSwapEditorController.refreshMarketData(PlainSwapEditorController.java:316)
      ```
      
      Recompile the project to make sure the new factory / annotation / getter / etc
      is available to Cover.
      For example run `mvn install -DskipTests` or `gradle install -x test`.
      
INFO  
INFO  R013: No inputs found that don't throw a trivial exception
      Diffblue Cover tried to run the arrange/act section, but the test threw
      java.lang.NullPointerException: Cannot invoke "org.springframework.security.core.Authentication.getPrincipal()" because the return value of "org.springframework.security.core.context.SecurityContext.getAuthentication()" is null
          at net.finmath.smartcontract.valuation.service.controllers.PlainSwapEditorController.saveContract(PlainSwapEditorController.java:629)
      In order to prevent the method under test
      from throwing NullPointerException, add constructors or factory
      methods that make it easier to construct fully initialized objects used in
      the method under test.
      See https://diff.blue/R013 to resolve this issue.
      
INFO  Affected methods:
      net.finmath.smartcontract.valuation.service.controllers.PlainSwapEditorController.saveContract:(Lnet/finmath/smartcontract/model/SaveContractRequest;)Lorg/springframework/http/ResponseEntity;
      
INFO  To resolve the issue, use the following prompt with your AI assistant:
      
      We are unit testing `net.finmath.smartcontract.valuation.service.controllers.PlainSwapEditorController.saveContract:(Lnet/finmath/smartcontract/model/SaveContractRequest;)Lorg/springframework/http/ResponseEntity;`.
      
      Create a parameterless factory method for the problematic
      parameter/this object, determining which by reading the error message below.
      The new factory method should be in the test classpath, not production.
      Create a new factory class if there isn't already one for the class under test.
      Do not create a test yourself, only a factory (don't test the factory either).
      The factory method must be annotated with 
      `@com.diffblue.cover.annotations.InterestingTestFactory`.
      Avoid using mocks, these tend to produce unused stubbing errors or a
      `java.lang.NullPointerException`.
      If your environment has internet access then further documentation on
      factory methods for Cover can be found here:
      https://docs.diffblue.com/features/tutorials/increase-code-coverage#test-factory-pattern
      
      The factory should produce a parameter/this object such that
      the following exception does not occur:
      
      ```
      java.lang.NullPointerException: Cannot invoke "org.springframework.security.core.Authentication.getPrincipal()" because the return value of "org.springframework.security.core.context.SecurityContext.getAuthentication()" is null
        at net.finmath.smartcontract.valuation.service.controllers.PlainSwapEditorController.saveContract(PlainSwapEditorController.java:629)
      ```
      
      Recompile the project to make sure the new factory / annotation / getter / etc
      is available to Cover.
      For example run `mvn install -DskipTests` or `gradle install -x test`.
      
INFO  
INFO  R013: No inputs found that don't throw a trivial exception
      Diffblue Cover tried to run the arrange/act section, but the test threw
      java.lang.NullPointerException: Cannot invoke "org.springframework.security.core.Authentication.getPrincipal()" because the return value of "org.springframework.security.core.context.SecurityContext.getAuthentication()" is null
          at net.finmath.smartcontract.valuation.service.controllers.PlainSwapEditorController.uploadMarketData(PlainSwapEditorController.java:667)
      In order to prevent the method under test
      from throwing NullPointerException, add constructors or factory
      methods that make it easier to construct fully initialized objects used in
      the method under test.
      See https://diff.blue/R013 to resolve this issue.
      
INFO  Affected methods:
      net.finmath.smartcontract.valuation.service.controllers.PlainSwapEditorController.uploadMarketData:(Lorg/springframework/web/multipart/MultipartFile;)Lorg/springframework/http/ResponseEntity;
      
INFO  To resolve the issue, use the following prompt with your AI assistant:
      
      We are unit testing `net.finmath.smartcontract.valuation.service.controllers.PlainSwapEditorController.uploadMarketData:(Lorg/springframework/web/multipart/MultipartFile;)Lorg/springframework/http/ResponseEntity;`.
      
      Create a parameterless factory method for the problematic
      parameter/this object, determining which by reading the error message below.
      The new factory method should be in the test classpath, not production.
      Create a new factory class if there isn't already one for the class under test.
      Do not create a test yourself, only a factory (don't test the factory either).
      The factory method must be annotated with 
      `@com.diffblue.cover.annotations.InterestingTestFactory`.
      Avoid using mocks, these tend to produce unused stubbing errors or a
      `java.lang.NullPointerException`.
      If your environment has internet access then further documentation on
      factory methods for Cover can be found here:
      https://docs.diffblue.com/features/tutorials/increase-code-coverage#test-factory-pattern
      
      The factory should produce a parameter/this object such that
      the following exception does not occur:
      
      ```
      java.lang.NullPointerException: Cannot invoke "org.springframework.security.core.Authentication.getPrincipal()" because the return value of "org.springframework.security.core.context.SecurityContext.getAuthentication()" is null
        at net.finmath.smartcontract.valuation.service.controllers.PlainSwapEditorController.uploadMarketData(PlainSwapEditorController.java:667)
      ```
      
      Recompile the project to make sure the new factory / annotation / getter / etc
      is available to Cover.
      For example run `mvn install -DskipTests` or `gradle install -x test`.
      
INFO  
INFO  R013: No inputs found that don't throw a trivial exception
      Diffblue Cover tried to run the arrange/act section, but the test threw
      java.lang.NullPointerException
          at java.util.Objects.requireNonNull(Objects.java:209)
          at net.finmath.smartcontract.valuation.service.utils.ResourceGovernor.getImportCandidateAsResourceInReadMode(ResourceGovernor.java:54)
      In order to prevent the method under test
      from throwing NullPointerException, add constructors or factory
      methods that make it easier to construct fully initialized objects used in
      the method under test.
      See https://diff.blue/R013 to resolve this issue.
      
INFO  Affected methods:
      net.finmath.smartcontract.valuation.service.utils.ResourceGovernor.getImportCandidateAsResourceInReadMode:()Lorg/springframework/core/io/Resource;
      
INFO  To resolve the issue, use the following prompt with your AI assistant:
      
      We are unit testing `net.finmath.smartcontract.valuation.service.utils.ResourceGovernor.getImportCandidateAsResourceInReadMode:()Lorg/springframework/core/io/Resource;`.
      
      Create a parameterless factory method for the problematic
      parameter/this object, determining which by reading the error message below.
      The new factory method should be in the test classpath, not production.
      Create a new factory class if there isn't already one for the class under test.
      Do not create a test yourself, only a factory (don't test the factory either).
      The factory method must be annotated with 
      `@com.diffblue.cover.annotations.InterestingTestFactory`.
      Avoid using mocks, these tend to produce unused stubbing errors or a
      `java.lang.NullPointerException`.
      If your environment has internet access then further documentation on
      factory methods for Cover can be found here:
      https://docs.diffblue.com/features/tutorials/increase-code-coverage#test-factory-pattern
      
      The factory should produce a parameter/this object such that
      the following exception does not occur:
      
      ```
      java.lang.NullPointerException
        at java.util.Objects.requireNonNull(Objects.java:209)
        at net.finmath.smartcontract.valuation.service.utils.ResourceGovernor.getImportCandidateAsResourceInReadMode(ResourceGovernor.java:54)
      ```
      
      Recompile the project to make sure the new factory / annotation / getter / etc
      is available to Cover.
      For example run `mvn install -DskipTests` or `gradle install -x test`.
      
INFO  
INFO  R013: No inputs found that don't throw a trivial exception
      Diffblue Cover tried to run the arrange/act section, but the test threw
      java.lang.NullPointerException
          at java.util.Objects.requireNonNull(Objects.java:209)
          at net.finmath.smartcontract.valuation.service.utils.ResourceGovernor.getImportCandidateAsResourceInWriteMode(ResourceGovernor.java:59)
      In order to prevent the method under test
      from throwing NullPointerException, add constructors or factory
      methods that make it easier to construct fully initialized objects used in
      the method under test.
      See https://diff.blue/R013 to resolve this issue.
      
INFO  Affected methods:
      net.finmath.smartcontract.valuation.service.utils.ResourceGovernor.getImportCandidateAsResourceInWriteMode:()Lorg/springframework/core/io/WritableResource;
      
INFO  To resolve the issue, use the following prompt with your AI assistant:
      
      We are unit testing `net.finmath.smartcontract.valuation.service.utils.ResourceGovernor.getImportCandidateAsResourceInWriteMode:()Lorg/springframework/core/io/WritableResource;`.
      
      Create a parameterless factory method for the problematic
      parameter/this object, determining which by reading the error message below.
      The new factory method should be in the test classpath, not production.
      Create a new factory class if there isn't already one for the class under test.
      Do not create a test yourself, only a factory (don't test the factory either).
      The factory method must be annotated with 
      `@com.diffblue.cover.annotations.InterestingTestFactory`.
      Avoid using mocks, these tend to produce unused stubbing errors or a
      `java.lang.NullPointerException`.
      If your environment has internet access then further documentation on
      factory methods for Cover can be found here:
      https://docs.diffblue.com/features/tutorials/increase-code-coverage#test-factory-pattern
      
      The factory should produce a parameter/this object such that
      the following exception does not occur:
      
      ```
      java.lang.NullPointerException
        at java.util.Objects.requireNonNull(Objects.java:209)
        at net.finmath.smartcontract.valuation.service.utils.ResourceGovernor.getImportCandidateAsResourceInWriteMode(ResourceGovernor.java:59)
      ```
      
      Recompile the project to make sure the new factory / annotation / getter / etc
      is available to Cover.
      For example run `mvn install -DskipTests` or `gradle install -x test`.
      
INFO  
INFO  R013: No inputs found that don't throw a trivial exception
      Diffblue Cover tried to run the arrange/act section, but the test threw
      java.lang.NullPointerException
          at java.util.Objects.requireNonNull(Objects.java:209)
          at net.finmath.smartcontract.valuation.service.utils.ResourceGovernor.getReadableResource(ResourceGovernor.java:72)
      In order to prevent the method under test
      from throwing NullPointerException, add constructors or factory
      methods that make it easier to construct fully initialized objects used in
      the method under test.
      See https://diff.blue/R013 to resolve this issue.
      
INFO  Affected methods:
      net.finmath.smartcontract.valuation.service.utils.ResourceGovernor.getReadableResource:(Ljava/lang/String;Lnet/finmath/smartcontract/valuation/service/utils/ResourceGovernor$RoleFolders;Ljava/lang/String;)Lorg/springframework/core/io/Resource;
      
INFO  To resolve the issue, use the following prompt with your AI assistant:
      
      We are unit testing `net.finmath.smartcontract.valuation.service.utils.ResourceGovernor.getReadableResource:(Ljava/lang/String;Lnet/finmath/smartcontract/valuation/service/utils/ResourceGovernor$RoleFolders;Ljava/lang/String;)Lorg/springframework/core/io/Resource;`.
      
      Create a parameterless factory method for the problematic
      parameter/this object, determining which by reading the error message below.
      The new factory method should be in the test classpath, not production.
      Create a new factory class if there isn't already one for the class under test.
      Do not create a test yourself, only a factory (don't test the factory either).
      The factory method must be annotated with 
      `@com.diffblue.cover.annotations.InterestingTestFactory`.
      Avoid using mocks, these tend to produce unused stubbing errors or a
      `java.lang.NullPointerException`.
      If your environment has internet access then further documentation on
      factory methods for Cover can be found here:
      https://docs.diffblue.com/features/tutorials/increase-code-coverage#test-factory-pattern
      
      The factory should produce a parameter/this object such that
      the following exception does not occur:
      
      ```
      java.lang.NullPointerException
        at java.util.Objects.requireNonNull(Objects.java:209)
        at net.finmath.smartcontract.valuation.service.utils.ResourceGovernor.getReadableResource(ResourceGovernor.java:72)
      ```
      
      Recompile the project to make sure the new factory / annotation / getter / etc
      is available to Cover.
      For example run `mvn install -DskipTests` or `gradle install -x test`.
      
INFO  
INFO  R013: No inputs found that don't throw a trivial exception
      Diffblue Cover tried to run the arrange/act section, but the test threw
      java.lang.NullPointerException
          at java.util.Objects.requireNonNull(Objects.java:209)
          at net.finmath.smartcontract.valuation.service.utils.ResourceGovernor.getWritableResource(ResourceGovernor.java:78)
      In order to prevent the method under test
      from throwing NullPointerException, add constructors or factory
      methods that make it easier to construct fully initialized objects used in
      the method under test.
      See https://diff.blue/R013 to resolve this issue.
      
INFO  Affected methods:
      net.finmath.smartcontract.valuation.service.utils.ResourceGovernor.getWritableResource:(Ljava/lang/String;Lnet/finmath/smartcontract/valuation/service/utils/ResourceGovernor$RoleFolders;Ljava/lang/String;)Lorg/springframework/core/io/WritableResource;
      
INFO  To resolve the issue, use the following prompt with your AI assistant:
      
      We are unit testing `net.finmath.smartcontract.valuation.service.utils.ResourceGovernor.getWritableResource:(Ljava/lang/String;Lnet/finmath/smartcontract/valuation/service/utils/ResourceGovernor$RoleFolders;Ljava/lang/String;)Lorg/springframework/core/io/WritableResource;`.
      
      Create a parameterless factory method for the problematic
      parameter/this object, determining which by reading the error message below.
      The new factory method should be in the test classpath, not production.
      Create a new factory class if there isn't already one for the class under test.
      Do not create a test yourself, only a factory (don't test the factory either).
      The factory method must be annotated with 
      `@com.diffblue.cover.annotations.InterestingTestFactory`.
      Avoid using mocks, these tend to produce unused stubbing errors or a
      `java.lang.NullPointerException`.
      If your environment has internet access then further documentation on
      factory methods for Cover can be found here:
      https://docs.diffblue.com/features/tutorials/increase-code-coverage#test-factory-pattern
      
      The factory should produce a parameter/this object such that
      the following exception does not occur:
      
      ```
      java.lang.NullPointerException
        at java.util.Objects.requireNonNull(Objects.java:209)
        at net.finmath.smartcontract.valuation.service.utils.ResourceGovernor.getWritableResource(ResourceGovernor.java:78)
      ```
      
      Recompile the project to make sure the new factory / annotation / getter / etc
      is available to Cover.
      For example run `mvn install -DskipTests` or `gradle install -x test`.
      
INFO  
INFO  R002: Missing observers
      Diffblue Cover was unable to create an assertion.
      There are no fields that could be asserted on.
      
INFO  Affected methods:
      net.finmath.smartcontract.settlement.BigDecimalAdapter.<init>:()V
      
INFO  To resolve the issue, use the following prompt with your AI assistant:
      
      Fix the following issue preventing test creation for:
      net.finmath.smartcontract.settlement.BigDecimalAdapter.<init>:()V
      
      Diffblue Cover was unable to create an assertion.
      There are no fields that could be asserted on.
      
INFO  
INFO  R002: Missing observers
      Diffblue Cover was unable to create an assertion.
      There are no fields that could be asserted on.
      
INFO  Affected methods:
      net.finmath.smartcontract.valuation.marketdata.curvecalibration.CalibrationParserDataItems.<init>:()V
      
INFO  To resolve the issue, use the following prompt with your AI assistant:
      
      Fix the following issue preventing test creation for:
      net.finmath.smartcontract.valuation.marketdata.curvecalibration.CalibrationParserDataItems.<init>:()V
      
      Diffblue Cover was unable to create an assertion.
      There are no fields that could be asserted on.
      
INFO  
INFO  R002: Missing observers
      Diffblue Cover was unable to create an assertion.
      There are no fields that could be asserted on.
      
INFO  Affected methods:
      net.finmath.smartcontract.valuation.marketdata.data.LocalDateTimeAdapter.<init>:()V
      
INFO  To resolve the issue, use the following prompt with your AI assistant:
      
      Fix the following issue preventing test creation for:
      net.finmath.smartcontract.valuation.marketdata.data.LocalDateTimeAdapter.<init>:()V
      
      Diffblue Cover was unable to create an assertion.
      There are no fields that could be asserted on.
      
INFO  
INFO  R002: Missing observers
      Diffblue Cover was unable to create an assertion.
      There are no fields that could be asserted on.
      
INFO  Affected methods:
      net.finmath.smartcontract.settlement.ZonedDateTimeAdapter.<init>:()V
      
INFO  To resolve the issue, use the following prompt with your AI assistant:
      
      Fix the following issue preventing test creation for:
      net.finmath.smartcontract.settlement.ZonedDateTimeAdapter.<init>:()V
      
      Diffblue Cover was unable to create an assertion.
      There are no fields that could be asserted on.
      
INFO  
INFO  R081: Exception in arrange section
      Diffblue Cover was unable to construct an instance of the class under test using
      net.finmath.smartcontract.product.SmartDerivativeContractDescriptor.getCounterparties().
      The arrange section threw
      java.lang.IllegalArgumentException: Number of counterparties must be 2.
          at org.apache.commons.lang3.Validate.isTrue(Validate.java:155)
          at net.finmath.smartcontract.product.SmartDerivativeContractDescriptor.<init>(SmartDerivativeContractDescriptor.java:97)
      More information about the exception is provided in the support log.
      See https://diff.blue/R081 for further troubleshooting of this issue.
      
INFO  Affected methods:
      net.finmath.smartcontract.product.SmartDerivativeContractDescriptor.getCounterparties:()Ljava/util/List;
      net.finmath.smartcontract.product.SmartDerivativeContractDescriptor.getCurrency:()Ljava/lang/String;
      net.finmath.smartcontract.product.SmartDerivativeContractDescriptor.getDltAddress:()Ljava/lang/String;
      net.finmath.smartcontract.product.SmartDerivativeContractDescriptor.getDltTradeId:()Ljava/lang/String;
      net.finmath.smartcontract.product.SmartDerivativeContractDescriptor.getMarketDataProvider:()Ljava/lang/String;
      net.finmath.smartcontract.product.SmartDerivativeContractDescriptor.getMarketdataItemList:()Ljava/util/List;
      net.finmath.smartcontract.product.SmartDerivativeContractDescriptor.getSettlementTime:()Ljava/time/OffsetTime;
      net.finmath.smartcontract.product.SmartDerivativeContractDescriptor.getTradeDate:()Ljava/time/LocalDate;
      net.finmath.smartcontract.product.SmartDerivativeContractDescriptor.getTradeType:()Ljava/lang/String;
      net.finmath.smartcontract.product.SmartDerivativeContractDescriptor.getUnderlying:()Lorg/w3c/dom/Node;
      net.finmath.smartcontract.product.SmartDerivativeContractDescriptor.getUnderlyingReceiverPartyID:()Ljava/lang/String;
      net.finmath.smartcontract.product.SmartDerivativeContractDescriptor.getUniqueTradeIdentifier:()Ljava/lang/String;
      
INFO  To resolve the issue, use the following prompt with your AI assistant:
      
      Fix the following issue preventing test creation for:
      net.finmath.smartcontract.product.SmartDerivativeContractDescriptor.getCounterparties:()Ljava/util/List;
      net.finmath.smartcontract.product.SmartDerivativeContractDescriptor.getCurrency:()Ljava/lang/String;
      net.finmath.smartcontract.product.SmartDerivativeContractDescriptor.getDltAddress:()Ljava/lang/String;
      net.finmath.smartcontract.product.SmartDerivativeContractDescriptor.getDltTradeId:()Ljava/lang/String;
      net.finmath.smartcontract.product.SmartDerivativeContractDescriptor.getMarketDataProvider:()Ljava/lang/String;
      net.finmath.smartcontract.product.SmartDerivativeContractDescriptor.getMarketdataItemList:()Ljava/util/List;
      net.finmath.smartcontract.product.SmartDerivativeContractDescriptor.getSettlementTime:()Ljava/time/OffsetTime;
      net.finmath.smartcontract.product.SmartDerivativeContractDescriptor.getTradeDate:()Ljava/time/LocalDate;
      net.finmath.smartcontract.product.SmartDerivativeContractDescriptor.getTradeType:()Ljava/lang/String;
      net.finmath.smartcontract.product.SmartDerivativeContractDescriptor.getUnderlying:()Lorg/w3c/dom/Node;
      net.finmath.smartcontract.product.SmartDerivativeContractDescriptor.getUnderlyingReceiverPartyID:()Ljava/lang/String;
      net.finmath.smartcontract.product.SmartDerivativeContractDescriptor.getUniqueTradeIdentifier:()Ljava/lang/String;
      
      Diffblue Cover was unable to construct an instance of the class under test using
      net.finmath.smartcontract.product.SmartDerivativeContractDescriptor.getCounterparties().
      The arrange section threw
      java.lang.IllegalArgumentException: Number of counterparties must be 2.
          at org.apache.commons.lang3.Validate.isTrue(Validate.java:155)
          at net.finmath.smartcontract.product.SmartDerivativeContractDescriptor.<init>(SmartDerivativeContractDescriptor.java:97)
      More information about the exception is provided in the support log.
      See https://diff.blue/R081 for further troubleshooting of this issue.
      
INFO  
INFO  R026: Failed to create Spring context
      Attempt to initialize test context failed with
      java.lang.IllegalStateException: Failed to load ApplicationContext for [MergedContextConfiguration@6ce1f8cb testClass = net.finmath.smartcontract.product.DiffblueFakeClass1889, locations = [], classes = [net.finmath.smartcontract.product.SmartDerivativeContractDescriptor, java.lang.String, java.time.LocalDate, java.time.OffsetTime, org.w3c.dom.Node], contextInitializerClasses = [], activeProfiles = [], propertySourceDescriptors = [], propertySourceProperties = [], contextCustomizers = [org.springframework.boot.test.context.filter.ExcludeFilterContextCustomizer@2bd2fbf7, org.springframework.boot.test.json.DuplicateJsonObjectContextCustomizerFactory$DuplicateJsonObjectContextCustomizer@2d11135a, org.springframework.boot.test.mock.mockito.MockitoContextCustomizer@f56fa676, org.springframework.boot.test.web.reactor.netty.DisableReactorResourceFactoryGlobalResourcesContextCustomizerFactory$DisableReactorResourceFactoryGlobalResourcesContextCustomizerCustomizer@54294cf5, org.springframework.boot.test.autoconfigure.actuate.observability.ObservabilityContextCustomizerFactory$DisableObservabilityContextCustomizer@1f, org.springframework.boot.test.autoconfigure.properties.PropertyMappingContextCustomizer@0, org.springframework.boot.test.autoconfigure.web.servlet.WebDriverContextCustomizer@7507a5bc], contextLoader = org.springframework.test.context.support.DelegatingSmartContextLoader, parent = null]
          at org.springframework.test.context.cache.DefaultCacheAwareContextLoaderDelegate.loadContext(DefaultCacheAwareContextLoaderDelegate.java:180)
          at org.springframework.test.context.support.DefaultTestContext.getApplicationContext(DefaultTestContext.java:130)
          at java.util.stream.ReferencePipeline$3$1.accept(ReferencePipeline.java:197)
          at java.util.ArrayList$ArrayListSpliterator.forEachRemaining(ArrayList.java:1625)
          at java.util.stream.AbstractPipeline.copyInto(AbstractPipeline.java:509)
          at java.util.stream.AbstractPipeline.wrapAndCopyInto(AbstractPipeline.java:499)
          at java.util.stream.ReduceOps$ReduceOp.evaluateSequential(ReduceOps.java:921)
          at java.util.stream.AbstractPipeline.evaluate(AbstractPipeline.java:234)
          at java.util.stream.ReferencePipeline.collect(ReferencePipeline.java:682)
      org.mockito.exceptions.base.MockitoException: 
      Cannot mock/spy class java.lang.Double
      Mockito cannot mock/spy because :
       - Cannot mock wrapper types, String.class or Class.class
          at org.springframework.boot.test.mock.mockito.MockDefinition.createMock(MockDefinition.java:158)
          at org.springframework.boot.test.mock.mockito.MockitoPostProcessor.registerMock(MockitoPostProcessor.java:185)
          at org.springframework.boot.test.mock.mockito.MockitoPostProcessor.register(MockitoPostProcessor.java:167)
          at org.springframework.boot.test.mock.mockito.MockitoPostProcessor.postProcessBeanFactory(MockitoPostProcessor.java:141)
          at org.springframework.boot.test.mock.mockito.MockitoPostProcessor.postProcessBeanFactory(MockitoPostProcessor.java:129)
          at org.springframework.context.support.PostProcessorRegistrationDelegate.invokeBeanFactoryPostProcessors(PostProcessorRegistrationDelegate.java:363)
          at org.springframework.context.support.PostProcessorRegistrationDelegate.invokeBeanFactoryPostProcessors(PostProcessorRegistrationDelegate.java:197)
          at org.springframework.context.support.AbstractApplicationContext.invokeBeanFactoryPostProcessors(AbstractApplicationContext.java:789)
          at org.springframework.context.support.AbstractApplicationContext.refresh(AbstractApplicationContext.java:607)
          at org.springframework.test.context.support.AbstractGenericContextLoader.loadContext(AbstractGenericContextLoader.java:221)
          at org.springframework.test.context.support.AbstractGenericContextLoader.loadContext(AbstractGenericContextLoader.java:110)
          at org.springframework.test.context.support.AbstractDelegatingSmartContextLoader.loadContext(AbstractDelegatingSmartContextLoader.java:212)
          at org.springframework.test.context.cache.DefaultCacheAwareContextLoaderDelegate.loadContextInternal(DefaultCacheAwareContextLoaderDelegate.java:225)
          at org.springframework.test.context.cache.DefaultCacheAwareContextLoaderDelegate.loadContext(DefaultCacheAwareContextLoaderDelegate.java:152)
          at org.springframework.test.context.support.DefaultTestContext.getApplicationContext(DefaultTestContext.java:130)
          at java.util.stream.ReferencePipeline$3$1.accept(ReferencePipeline.java:197)
          at java.util.ArrayList$ArrayListSpliterator.forEachRemaining(ArrayList.java:1625)
          at java.util.stream.AbstractPipeline.copyInto(AbstractPipeline.java:509)
          at java.util.stream.AbstractPipeline.wrapAndCopyInto(AbstractPipeline.java:499)
          at java.util.stream.ReduceOps$ReduceOp.evaluateSequential(ReduceOps.java:921)
          at java.util.stream.AbstractPipeline.evaluate(AbstractPipeline.java:234)
          at java.util.stream.ReferencePipeline.collect(ReferencePipeline.java:682)
      when running class:
      package net.finmath.smartcontract.product;
      @org.springframework.test.context.ContextConfiguration(classes = {net.finmath.smartcontract.product.SmartDerivativeContractDescriptor.class,java.lang.String.class,java.time.LocalDate.class,java.time.OffsetTime.class,org.w3c.dom.Node.class})
      @org.junit.runner.RunWith(value = org.springframework.test.context.junit4.SpringRunner.class) // if JUnit 4
      @org.junit.jupiter.api.extension.ExtendWith(value = org.springframework.test.context.junit.jupiter.SpringExtension.class) // if JUnit 5
      public class DiffblueFakeClass1889 {
        @org.springframework.boot.test.mock.mockito.MockBean java.lang.Double aDouble;
        @org.springframework.beans.factory.annotation.Autowired java.util.List list;
        @org.springframework.beans.factory.annotation.Autowired java.util.List list2;
        @org.springframework.beans.factory.annotation.Autowired java.util.Map map;
        @org.springframework.boot.test.mock.mockito.MockBean net.finmath.smartcontract.product.SmartDerivativeContractDescriptor.Party party;
        @org.springframework.beans.factory.annotation.Autowired net.finmath.smartcontract.product.SmartDerivativeContractDescriptor smartDerivativeContractDescriptor;
        @org.springframework.boot.test.mock.mockito.MockBean net.finmath.smartcontract.valuation.marketdata.curvecalibration.CalibrationDataItem.Spec spec;
        @org.junit.Test // if JUnit 4
        @org.junit.jupiter.api.Test // if JUnit 5
        public void testSpringContextLoads() {}
      }
      To avoid this error, consider adding a custom base class to setup static
      mocking for org.springframework.boot.test.mock.mockito.MockitoPostProcessor.
      For details on how to set up a custom base class, please follow this link:
      https://docs.diffblue.com/features/cover-cli/writing-tests/custom-test-setup
      See https://diff.blue/R026 to resolve this issue.
      
INFO  Affected methods:
      net.finmath.smartcontract.product.SmartDerivativeContractDescriptor.<init>:(Ljava/lang/String;Ljava/lang/String;Ljava/lang/String;Ljava/time/LocalDate;Ljava/time/OffsetTime;Ljava/util/List;Ljava/util/Map;Ljava/util/Map;Ljava/lang/String;Lorg/w3c/dom/Node;Ljava/util/List;Ljava/lang/String;Ljava/lang/String;Ljava/lang/String;)V
      
INFO  To resolve the issue, use the following prompt with your AI assistant:
      
      Fix the following issue preventing test creation for:
      net.finmath.smartcontract.product.SmartDerivativeContractDescriptor.<init>:(Ljava/lang/String;Ljava/lang/String;Ljava/lang/String;Ljava/time/LocalDate;Ljava/time/OffsetTime;Ljava/util/List;Ljava/util/Map;Ljava/util/Map;Ljava/lang/String;Lorg/w3c/dom/Node;Ljava/util/List;Ljava/lang/String;Ljava/lang/String;Ljava/lang/String;)V
      
      Attempt to initialize test context failed with
      java.lang.IllegalStateException: Failed to load ApplicationContext for [MergedContextConfiguration@6ce1f8cb testClass = net.finmath.smartcontract.product.DiffblueFakeClass1889, locations = [], classes = [net.finmath.smartcontract.product.SmartDerivativeContractDescriptor, java.lang.String, java.time.LocalDate, java.time.OffsetTime, org.w3c.dom.Node], contextInitializerClasses = [], activeProfiles = [], propertySourceDescriptors = [], propertySourceProperties = [], contextCustomizers = [org.springframework.boot.test.context.filter.ExcludeFilterContextCustomizer@2bd2fbf7, org.springframework.boot.test.json.DuplicateJsonObjectContextCustomizerFactory$DuplicateJsonObjectContextCustomizer@2d11135a, org.springframework.boot.test.mock.mockito.MockitoContextCustomizer@f56fa676, org.springframework.boot.test.web.reactor.netty.DisableReactorResourceFactoryGlobalResourcesContextCustomizerFactory$DisableReactorResourceFactoryGlobalResourcesContextCustomizerCustomizer@54294cf5, org.springframework.boot.test.autoconfigure.actuate.observability.ObservabilityContextCustomizerFactory$DisableObservabilityContextCustomizer@1f, org.springframework.boot.test.autoconfigure.properties.PropertyMappingContextCustomizer@0, org.springframework.boot.test.autoconfigure.web.servlet.WebDriverContextCustomizer@7507a5bc], contextLoader = org.springframework.test.context.support.DelegatingSmartContextLoader, parent = null]
          at org.springframework.test.context.cache.DefaultCacheAwareContextLoaderDelegate.loadContext(DefaultCacheAwareContextLoaderDelegate.java:180)
          at org.springframework.test.context.support.DefaultTestContext.getApplicationContext(DefaultTestContext.java:130)
          at java.util.stream.ReferencePipeline$3$1.accept(ReferencePipeline.java:197)
          at java.util.ArrayList$ArrayListSpliterator.forEachRemaining(ArrayList.java:1625)
          at java.util.stream.AbstractPipeline.copyInto(AbstractPipeline.java:509)
          at java.util.stream.AbstractPipeline.wrapAndCopyInto(AbstractPipeline.java:499)
          at java.util.stream.ReduceOps$ReduceOp.evaluateSequential(ReduceOps.java:921)
          at java.util.stream.AbstractPipeline.evaluate(AbstractPipeline.java:234)
          at java.util.stream.ReferencePipeline.collect(ReferencePipeline.java:682)
      org.mockito.exceptions.base.MockitoException: 
      Cannot mock/spy class java.lang.Double
      Mockito cannot mock/spy because :
       - Cannot mock wrapper types, String.class or Class.class
          at org.springframework.boot.test.mock.mockito.MockDefinition.createMock(MockDefinition.java:158)
          at org.springframework.boot.test.mock.mockito.MockitoPostProcessor.registerMock(MockitoPostProcessor.java:185)
          at org.springframework.boot.test.mock.mockito.MockitoPostProcessor.register(MockitoPostProcessor.java:167)
          at org.springframework.boot.test.mock.mockito.MockitoPostProcessor.postProcessBeanFactory(MockitoPostProcessor.java:141)
          at org.springframework.boot.test.mock.mockito.MockitoPostProcessor.postProcessBeanFactory(MockitoPostProcessor.java:129)
          at org.springframework.context.support.PostProcessorRegistrationDelegate.invokeBeanFactoryPostProcessors(PostProcessorRegistrationDelegate.java:363)
          at org.springframework.context.support.PostProcessorRegistrationDelegate.invokeBeanFactoryPostProcessors(PostProcessorRegistrationDelegate.java:197)
          at org.springframework.context.support.AbstractApplicationContext.invokeBeanFactoryPostProcessors(AbstractApplicationContext.java:789)
          at org.springframework.context.support.AbstractApplicationContext.refresh(AbstractApplicationContext.java:607)
          at org.springframework.test.context.support.AbstractGenericContextLoader.loadContext(AbstractGenericContextLoader.java:221)
          at org.springframework.test.context.support.AbstractGenericContextLoader.loadContext(AbstractGenericContextLoader.java:110)
          at org.springframework.test.context.support.AbstractDelegatingSmartContextLoader.loadContext(AbstractDelegatingSmartContextLoader.java:212)
          at org.springframework.test.context.cache.DefaultCacheAwareContextLoaderDelegate.loadContextInternal(DefaultCacheAwareContextLoaderDelegate.java:225)
          at org.springframework.test.context.cache.DefaultCacheAwareContextLoaderDelegate.loadContext(DefaultCacheAwareContextLoaderDelegate.java:152)
          at org.springframework.test.context.support.DefaultTestContext.getApplicationContext(DefaultTestContext.java:130)
          at java.util.stream.ReferencePipeline$3$1.accept(ReferencePipeline.java:197)
          at java.util.ArrayList$ArrayListSpliterator.forEachRemaining(ArrayList.java:1625)
          at java.util.stream.AbstractPipeline.copyInto(AbstractPipeline.java:509)
          at java.util.stream.AbstractPipeline.wrapAndCopyInto(AbstractPipeline.java:499)
          at java.util.stream.ReduceOps$ReduceOp.evaluateSequential(ReduceOps.java:921)
          at java.util.stream.AbstractPipeline.evaluate(AbstractPipeline.java:234)
          at java.util.stream.ReferencePipeline.collect(ReferencePipeline.java:682)
      when running class:
      package net.finmath.smartcontract.product;
      @org.springframework.test.context.ContextConfiguration(classes = {net.finmath.smartcontract.product.SmartDerivativeContractDescriptor.class,java.lang.String.class,java.time.LocalDate.class,java.time.OffsetTime.class,org.w3c.dom.Node.class})
      @org.junit.runner.RunWith(value = org.springframework.test.context.junit4.SpringRunner.class) // if JUnit 4
      @org.junit.jupiter.api.extension.ExtendWith(value = org.springframework.test.context.junit.jupiter.SpringExtension.class) // if JUnit 5
      public class DiffblueFakeClass1889 {
        @org.springframework.boot.test.mock.mockito.MockBean java.lang.Double aDouble;
        @org.springframework.beans.factory.annotation.Autowired java.util.List list;
        @org.springframework.beans.factory.annotation.Autowired java.util.List list2;
        @org.springframework.beans.factory.annotation.Autowired java.util.Map map;
        @org.springframework.boot.test.mock.mockito.MockBean net.finmath.smartcontract.product.SmartDerivativeContractDescriptor.Party party;
        @org.springframework.beans.factory.annotation.Autowired net.finmath.smartcontract.product.SmartDerivativeContractDescriptor smartDerivativeContractDescriptor;
        @org.springframework.boot.test.mock.mockito.MockBean net.finmath.smartcontract.valuation.marketdata.curvecalibration.CalibrationDataItem.Spec spec;
        @org.junit.Test // if JUnit 4
        @org.junit.jupiter.api.Test // if JUnit 5
        public void testSpringContextLoads() {}
      }
      To avoid this error, consider adding a custom base class to setup static
      mocking for org.springframework.boot.test.mock.mockito.MockitoPostProcessor.
      For details on how to set up a custom base class, please follow this link:
      https://docs.diffblue.com/features/cover-cli/writing-tests/custom-test-setup
      See https://diff.blue/R026 to resolve this issue.
      
INFO  
INFO  R026: Failed to create Spring context
      Attempt to initialize test context failed with
      java.lang.IllegalStateException: ApplicationContext failure threshold (1) exceeded: skipping repeated attempt to load context for [MergedContextConfiguration@7fd28778 testClass = net.finmath.smartcontract.product.DiffblueFakeClass1893, locations = [], classes = [net.finmath.smartcontract.product.SmartDerivativeContractDescriptor, java.lang.String, java.time.LocalDate, java.time.OffsetTime, org.w3c.dom.Node], contextInitializerClasses = [], activeProfiles = [], propertySourceDescriptors = [], propertySourceProperties = [], contextCustomizers = [org.springframework.boot.test.context.filter.ExcludeFilterContextCustomizer@2bd2fbf7, org.springframework.boot.test.json.DuplicateJsonObjectContextCustomizerFactory$DuplicateJsonObjectContextCustomizer@2d11135a, org.springframework.boot.test.mock.mockito.MockitoContextCustomizer@f56fa676, org.springframework.boot.test.web.reactor.netty.DisableReactorResourceFactoryGlobalResourcesContextCustomizerFactory$DisableReactorResourceFactoryGlobalResourcesContextCustomizerCustomizer@54294cf5, org.springframework.boot.test.autoconfigure.actuate.observability.ObservabilityContextCustomizerFactory$DisableObservabilityContextCustomizer@1f, org.springframework.boot.test.autoconfigure.properties.PropertyMappingContextCustomizer@0, org.springframework.boot.test.autoconfigure.web.servlet.WebDriverContextCustomizer@7507a5bc], contextLoader = org.springframework.test.context.support.DelegatingSmartContextLoader, parent = null]
          at org.springframework.test.context.cache.DefaultCacheAwareContextLoaderDelegate.loadContext(DefaultCacheAwareContextLoaderDelegate.java:145)
          at org.springframework.test.context.support.DefaultTestContext.getApplicationContext(DefaultTestContext.java:130)
          at java.util.stream.ReferencePipeline$3$1.accept(ReferencePipeline.java:197)
          at java.util.ArrayList$ArrayListSpliterator.forEachRemaining(ArrayList.java:1625)
          at java.util.stream.AbstractPipeline.copyInto(AbstractPipeline.java:509)
          at java.util.stream.AbstractPipeline.wrapAndCopyInto(AbstractPipeline.java:499)
          at java.util.stream.ReduceOps$ReduceOp.evaluateSequential(ReduceOps.java:921)
          at java.util.stream.AbstractPipeline.evaluate(AbstractPipeline.java:234)
          at java.util.stream.ReferencePipeline.collect(ReferencePipeline.java:682)
      when running class:
      package net.finmath.smartcontract.product;
      @org.springframework.test.context.ContextConfiguration(classes = {net.finmath.smartcontract.product.SmartDerivativeContractDescriptor.class,java.lang.String.class,java.time.LocalDate.class,java.time.OffsetTime.class,org.w3c.dom.Node.class})
      @org.junit.runner.RunWith(value = org.springframework.test.context.junit4.SpringRunner.class) // if JUnit 4
      @org.junit.jupiter.api.extension.ExtendWith(value = org.springframework.test.context.junit.jupiter.SpringExtension.class) // if JUnit 5
      public class DiffblueFakeClass1893 {
        @org.springframework.boot.test.mock.mockito.MockBean java.lang.Double aDouble;
        @org.springframework.beans.factory.annotation.Autowired java.util.List list;
        @org.springframework.beans.factory.annotation.Autowired java.util.List list2;
        @org.springframework.beans.factory.annotation.Autowired java.util.Map map;
        @org.springframework.boot.test.mock.mockito.MockBean net.finmath.smartcontract.product.SmartDerivativeContractDescriptor.Party party;
        @org.springframework.beans.factory.annotation.Autowired net.finmath.smartcontract.product.SmartDerivativeContractDescriptor smartDerivativeContractDescriptor;
        @org.springframework.boot.test.mock.mockito.MockBean net.finmath.smartcontract.valuation.marketdata.curvecalibration.CalibrationDataItem.Spec spec;
        @org.junit.Test // if JUnit 4
        @org.junit.jupiter.api.Test // if JUnit 5
        public void testSpringContextLoads() {}
      }
      To avoid this error, consider adding a custom base class to setup static
      mocking for org.springframework.test.context.cache.DefaultCacheAwareContextLoaderDelegate.
      For details on how to set up a custom base class, please follow this link:
      https://docs.diffblue.com/features/cover-cli/writing-tests/custom-test-setup
      See https://diff.blue/R026 to resolve this issue.
      
INFO  Affected methods:
      net.finmath.smartcontract.product.SmartDerivativeContractDescriptor.getMarginAccount:(Ljava/lang/String;)Ljava/lang/Double;
      
INFO  To resolve the issue, use the following prompt with your AI assistant:
      
      Fix the following issue preventing test creation for:
      net.finmath.smartcontract.product.SmartDerivativeContractDescriptor.getMarginAccount:(Ljava/lang/String;)Ljava/lang/Double;
      
      Attempt to initialize test context failed with
      java.lang.IllegalStateException: ApplicationContext failure threshold (1) exceeded: skipping repeated attempt to load context for [MergedContextConfiguration@7fd28778 testClass = net.finmath.smartcontract.product.DiffblueFakeClass1893, locations = [], classes = [net.finmath.smartcontract.product.SmartDerivativeContractDescriptor, java.lang.String, java.time.LocalDate, java.time.OffsetTime, org.w3c.dom.Node], contextInitializerClasses = [], activeProfiles = [], propertySourceDescriptors = [], propertySourceProperties = [], contextCustomizers = [org.springframework.boot.test.context.filter.ExcludeFilterContextCustomizer@2bd2fbf7, org.springframework.boot.test.json.DuplicateJsonObjectContextCustomizerFactory$DuplicateJsonObjectContextCustomizer@2d11135a, org.springframework.boot.test.mock.mockito.MockitoContextCustomizer@f56fa676, org.springframework.boot.test.web.reactor.netty.DisableReactorResourceFactoryGlobalResourcesContextCustomizerFactory$DisableReactorResourceFactoryGlobalResourcesContextCustomizerCustomizer@54294cf5, org.springframework.boot.test.autoconfigure.actuate.observability.ObservabilityContextCustomizerFactory$DisableObservabilityContextCustomizer@1f, org.springframework.boot.test.autoconfigure.properties.PropertyMappingContextCustomizer@0, org.springframework.boot.test.autoconfigure.web.servlet.WebDriverContextCustomizer@7507a5bc], contextLoader = org.springframework.test.context.support.DelegatingSmartContextLoader, parent = null]
          at org.springframework.test.context.cache.DefaultCacheAwareContextLoaderDelegate.loadContext(DefaultCacheAwareContextLoaderDelegate.java:145)
          at org.springframework.test.context.support.DefaultTestContext.getApplicationContext(DefaultTestContext.java:130)
          at java.util.stream.ReferencePipeline$3$1.accept(ReferencePipeline.java:197)
          at java.util.ArrayList$ArrayListSpliterator.forEachRemaining(ArrayList.java:1625)
          at java.util.stream.AbstractPipeline.copyInto(AbstractPipeline.java:509)
          at java.util.stream.AbstractPipeline.wrapAndCopyInto(AbstractPipeline.java:499)
          at java.util.stream.ReduceOps$ReduceOp.evaluateSequential(ReduceOps.java:921)
          at java.util.stream.AbstractPipeline.evaluate(AbstractPipeline.java:234)
          at java.util.stream.ReferencePipeline.collect(ReferencePipeline.java:682)
      when running class:
      package net.finmath.smartcontract.product;
      @org.springframework.test.context.ContextConfiguration(classes = {net.finmath.smartcontract.product.SmartDerivativeContractDescriptor.class,java.lang.String.class,java.time.LocalDate.class,java.time.OffsetTime.class,org.w3c.dom.Node.class})
      @org.junit.runner.RunWith(value = org.springframework.test.context.junit4.SpringRunner.class) // if JUnit 4
      @org.junit.jupiter.api.extension.ExtendWith(value = org.springframework.test.context.junit.jupiter.SpringExtension.class) // if JUnit 5
      public class DiffblueFakeClass1893 {
        @org.springframework.boot.test.mock.mockito.MockBean java.lang.Double aDouble;
        @org.springframework.beans.factory.annotation.Autowired java.util.List list;
        @org.springframework.beans.factory.annotation.Autowired java.util.List list2;
        @org.springframework.beans.factory.annotation.Autowired java.util.Map map;
        @org.springframework.boot.test.mock.mockito.MockBean net.finmath.smartcontract.product.SmartDerivativeContractDescriptor.Party party;
        @org.springframework.beans.factory.annotation.Autowired net.finmath.smartcontract.product.SmartDerivativeContractDescriptor smartDerivativeContractDescriptor;
        @org.springframework.boot.test.mock.mockito.MockBean net.finmath.smartcontract.valuation.marketdata.curvecalibration.CalibrationDataItem.Spec spec;
        @org.junit.Test // if JUnit 4
        @org.junit.jupiter.api.Test // if JUnit 5
        public void testSpringContextLoads() {}
      }
      To avoid this error, consider adding a custom base class to setup static
      mocking for org.springframework.test.context.cache.DefaultCacheAwareContextLoaderDelegate.
      For details on how to set up a custom base class, please follow this link:
      https://docs.diffblue.com/features/cover-cli/writing-tests/custom-test-setup
      See https://diff.blue/R026 to resolve this issue.
      
INFO  
INFO  R026: Failed to create Spring context
      Attempt to initialize test context failed with
      java.lang.IllegalStateException: ApplicationContext failure threshold (1) exceeded: skipping repeated attempt to load context for [MergedContextConfiguration@4b5a2fd1 testClass = net.finmath.smartcontract.product.DiffblueFakeClass1900, locations = [], classes = [net.finmath.smartcontract.product.SmartDerivativeContractDescriptor, java.lang.String, java.time.LocalDate, java.time.OffsetTime, org.w3c.dom.Node], contextInitializerClasses = [], activeProfiles = [], propertySourceDescriptors = [], propertySourceProperties = [], contextCustomizers = [org.springframework.boot.test.context.filter.ExcludeFilterContextCustomizer@2bd2fbf7, org.springframework.boot.test.json.DuplicateJsonObjectContextCustomizerFactory$DuplicateJsonObjectContextCustomizer@2d11135a, org.springframework.boot.test.mock.mockito.MockitoContextCustomizer@f56fa676, org.springframework.boot.test.web.reactor.netty.DisableReactorResourceFactoryGlobalResourcesContextCustomizerFactory$DisableReactorResourceFactoryGlobalResourcesContextCustomizerCustomizer@54294cf5, org.springframework.boot.test.autoconfigure.actuate.observability.ObservabilityContextCustomizerFactory$DisableObservabilityContextCustomizer@1f, org.springframework.boot.test.autoconfigure.properties.PropertyMappingContextCustomizer@0, org.springframework.boot.test.autoconfigure.web.servlet.WebDriverContextCustomizer@7507a5bc], contextLoader = org.springframework.test.context.support.DelegatingSmartContextLoader, parent = null]
          at org.springframework.test.context.cache.DefaultCacheAwareContextLoaderDelegate.loadContext(DefaultCacheAwareContextLoaderDelegate.java:145)
          at org.springframework.test.context.support.DefaultTestContext.getApplicationContext(DefaultTestContext.java:130)
          at java.util.stream.ReferencePipeline$3$1.accept(ReferencePipeline.java:197)
          at java.util.ArrayList$ArrayListSpliterator.forEachRemaining(ArrayList.java:1625)
          at java.util.stream.AbstractPipeline.copyInto(AbstractPipeline.java:509)
          at java.util.stream.AbstractPipeline.wrapAndCopyInto(AbstractPipeline.java:499)
          at java.util.stream.ReduceOps$ReduceOp.evaluateSequential(ReduceOps.java:921)
          at java.util.stream.AbstractPipeline.evaluate(AbstractPipeline.java:234)
          at java.util.stream.ReferencePipeline.collect(ReferencePipeline.java:682)
      when running class:
      package net.finmath.smartcontract.product;
      @org.springframework.test.context.ContextConfiguration(classes = {net.finmath.smartcontract.product.SmartDerivativeContractDescriptor.class,java.lang.String.class,java.time.LocalDate.class,java.time.OffsetTime.class,org.w3c.dom.Node.class})
      @org.junit.runner.RunWith(value = org.springframework.test.context.junit4.SpringRunner.class) // if JUnit 4
      @org.junit.jupiter.api.extension.ExtendWith(value = org.springframework.test.context.junit.jupiter.SpringExtension.class) // if JUnit 5
      public class DiffblueFakeClass1900 {
        @org.springframework.boot.test.mock.mockito.MockBean java.lang.Double aDouble;
        @org.springframework.beans.factory.annotation.Autowired java.util.List list;
        @org.springframework.beans.factory.annotation.Autowired java.util.List list2;
        @org.springframework.beans.factory.annotation.Autowired java.util.Map map;
        @org.springframework.boot.test.mock.mockito.MockBean net.finmath.smartcontract.product.SmartDerivativeContractDescriptor.Party party;
        @org.springframework.beans.factory.annotation.Autowired net.finmath.smartcontract.product.SmartDerivativeContractDescriptor smartDerivativeContractDescriptor;
        @org.springframework.boot.test.mock.mockito.MockBean net.finmath.smartcontract.valuation.marketdata.curvecalibration.CalibrationDataItem.Spec spec;
        @org.junit.Test // if JUnit 4
        @org.junit.jupiter.api.Test // if JUnit 5
        public void testSpringContextLoads() {}
      }
      To avoid this error, consider adding a custom base class to setup static
      mocking for org.springframework.test.context.cache.DefaultCacheAwareContextLoaderDelegate.
      For details on how to set up a custom base class, please follow this link:
      https://docs.diffblue.com/features/cover-cli/writing-tests/custom-test-setup
      See https://diff.blue/R026 to resolve this issue.
      
INFO  Affected methods:
      net.finmath.smartcontract.product.SmartDerivativeContractDescriptor.getPenaltyFee:(Ljava/lang/String;)Ljava/lang/Double;
      
INFO  To resolve the issue, use the following prompt with your AI assistant:
      
      Fix the following issue preventing test creation for:
      net.finmath.smartcontract.product.SmartDerivativeContractDescriptor.getPenaltyFee:(Ljava/lang/String;)Ljava/lang/Double;
      
      Attempt to initialize test context failed with
      java.lang.IllegalStateException: ApplicationContext failure threshold (1) exceeded: skipping repeated attempt to load context for [MergedContextConfiguration@4b5a2fd1 testClass = net.finmath.smartcontract.product.DiffblueFakeClass1900, locations = [], classes = [net.finmath.smartcontract.product.SmartDerivativeContractDescriptor, java.lang.String, java.time.LocalDate, java.time.OffsetTime, org.w3c.dom.Node], contextInitializerClasses = [], activeProfiles = [], propertySourceDescriptors = [], propertySourceProperties = [], contextCustomizers = [org.springframework.boot.test.context.filter.ExcludeFilterContextCustomizer@2bd2fbf7, org.springframework.boot.test.json.DuplicateJsonObjectContextCustomizerFactory$DuplicateJsonObjectContextCustomizer@2d11135a, org.springframework.boot.test.mock.mockito.MockitoContextCustomizer@f56fa676, org.springframework.boot.test.web.reactor.netty.DisableReactorResourceFactoryGlobalResourcesContextCustomizerFactory$DisableReactorResourceFactoryGlobalResourcesContextCustomizerCustomizer@54294cf5, org.springframework.boot.test.autoconfigure.actuate.observability.ObservabilityContextCustomizerFactory$DisableObservabilityContextCustomizer@1f, org.springframework.boot.test.autoconfigure.properties.PropertyMappingContextCustomizer@0, org.springframework.boot.test.autoconfigure.web.servlet.WebDriverContextCustomizer@7507a5bc], contextLoader = org.springframework.test.context.support.DelegatingSmartContextLoader, parent = null]
          at org.springframework.test.context.cache.DefaultCacheAwareContextLoaderDelegate.loadContext(DefaultCacheAwareContextLoaderDelegate.java:145)
          at org.springframework.test.context.support.DefaultTestContext.getApplicationContext(DefaultTestContext.java:130)
          at java.util.stream.ReferencePipeline$3$1.accept(ReferencePipeline.java:197)
          at java.util.ArrayList$ArrayListSpliterator.forEachRemaining(ArrayList.java:1625)
          at java.util.stream.AbstractPipeline.copyInto(AbstractPipeline.java:509)
          at java.util.stream.AbstractPipeline.wrapAndCopyInto(AbstractPipeline.java:499)
          at java.util.stream.ReduceOps$ReduceOp.evaluateSequential(ReduceOps.java:921)
          at java.util.stream.AbstractPipeline.evaluate(AbstractPipeline.java:234)
          at java.util.stream.ReferencePipeline.collect(ReferencePipeline.java:682)
      when running class:
      package net.finmath.smartcontract.product;
      @org.springframework.test.context.ContextConfiguration(classes = {net.finmath.smartcontract.product.SmartDerivativeContractDescriptor.class,java.lang.String.class,java.time.LocalDate.class,java.time.OffsetTime.class,org.w3c.dom.Node.class})
      @org.junit.runner.RunWith(value = org.springframework.test.context.junit4.SpringRunner.class) // if JUnit 4
      @org.junit.jupiter.api.extension.ExtendWith(value = org.springframework.test.context.junit.jupiter.SpringExtension.class) // if JUnit 5
      public class DiffblueFakeClass1900 {
        @org.springframework.boot.test.mock.mockito.MockBean java.lang.Double aDouble;
        @org.springframework.beans.factory.annotation.Autowired java.util.List list;
        @org.springframework.beans.factory.annotation.Autowired java.util.List list2;
        @org.springframework.beans.factory.annotation.Autowired java.util.Map map;
        @org.springframework.boot.test.mock.mockito.MockBean net.finmath.smartcontract.product.SmartDerivativeContractDescriptor.Party party;
        @org.springframework.beans.factory.annotation.Autowired net.finmath.smartcontract.product.SmartDerivativeContractDescriptor smartDerivativeContractDescriptor;
        @org.springframework.boot.test.mock.mockito.MockBean net.finmath.smartcontract.valuation.marketdata.curvecalibration.CalibrationDataItem.Spec spec;
        @org.junit.Test // if JUnit 4
        @org.junit.jupiter.api.Test // if JUnit 5
        public void testSpringContextLoads() {}
      }
      To avoid this error, consider adding a custom base class to setup static
      mocking for org.springframework.test.context.cache.DefaultCacheAwareContextLoaderDelegate.
      For details on how to set up a custom base class, please follow this link:
      https://docs.diffblue.com/features/cover-cli/writing-tests/custom-test-setup
      See https://diff.blue/R026 to resolve this issue.
      
INFO  
INFO  R026: Failed to create Spring context
      Attempt to initialize test context failed with
      java.lang.IllegalStateException: ApplicationContext failure threshold (1) exceeded: skipping repeated attempt to load context for [MergedContextConfiguration@5e45adec testClass = net.finmath.smartcontract.valuation.marketdata.curvecalibration.DiffblueFakeClass7059, locations = [], classes = [net.finmath.smartcontract.valuation.marketdata.curvecalibration.CalibrationDataItem, java.lang.Double, java.time.LocalDateTime], contextInitializerClasses = [], activeProfiles = [], propertySourceDescriptors = [], propertySourceProperties = [], contextCustomizers = [org.springframework.boot.test.context.filter.ExcludeFilterContextCustomizer@2bd2fbf7, org.springframework.boot.test.json.DuplicateJsonObjectContextCustomizerFactory$DuplicateJsonObjectContextCustomizer@2d11135a, org.springframework.boot.test.mock.mockito.MockitoContextCustomizer@92e92fb2, org.springframework.boot.test.web.reactor.netty.DisableReactorResourceFactoryGlobalResourcesContextCustomizerFactory$DisableReactorResourceFactoryGlobalResourcesContextCustomizerCustomizer@54294cf5, org.springframework.boot.test.autoconfigure.actuate.observability.ObservabilityContextCustomizerFactory$DisableObservabilityContextCustomizer@1f, org.springframework.boot.test.autoconfigure.properties.PropertyMappingContextCustomizer@0, org.springframework.boot.test.autoconfigure.web.servlet.WebDriverContextCustomizer@7507a5bc], contextLoader = org.springframework.test.context.support.DelegatingSmartContextLoader, parent = null]
          at org.springframework.test.context.cache.DefaultCacheAwareContextLoaderDelegate.loadContext(DefaultCacheAwareContextLoaderDelegate.java:145)
          at org.springframework.test.context.support.DefaultTestContext.getApplicationContext(DefaultTestContext.java:130)
          at java.util.stream.ReferencePipeline$3$1.accept(ReferencePipeline.java:197)
          at java.util.ArrayList$ArrayListSpliterator.forEachRemaining(ArrayList.java:1625)
          at java.util.stream.AbstractPipeline.copyInto(AbstractPipeline.java:509)
          at java.util.stream.AbstractPipeline.wrapAndCopyInto(AbstractPipeline.java:499)
          at java.util.stream.ReduceOps$ReduceOp.evaluateSequential(ReduceOps.java:921)
          at java.util.stream.AbstractPipeline.evaluate(AbstractPipeline.java:234)
          at java.util.stream.ReferencePipeline.collect(ReferencePipeline.java:682)
      when running class:
      package net.finmath.smartcontract.valuation.marketdata.curvecalibration;
      @org.springframework.test.context.ContextConfiguration(classes = {net.finmath.smartcontract.valuation.marketdata.curvecalibration.CalibrationDataItem.class,java.lang.Double.class,java.time.LocalDateTime.class})
      @org.junit.runner.RunWith(value = org.springframework.test.context.junit4.SpringRunner.class) // if JUnit 4
      @org.junit.jupiter.api.extension.ExtendWith(value = org.springframework.test.context.junit.jupiter.SpringExtension.class) // if JUnit 5
      public class DiffblueFakeClass7059 {
        @org.springframework.beans.factory.annotation.Autowired net.finmath.smartcontract.valuation.marketdata.curvecalibration.CalibrationDataItem calibrationDataItem;
        @org.springframework.boot.test.mock.mockito.MockBean net.finmath.smartcontract.valuation.marketdata.curvecalibration.CalibrationDataItem.Spec spec;
        @org.junit.Test // if JUnit 4
        @org.junit.jupiter.api.Test // if JUnit 5
        public void testSpringContextLoads() {}
      }
      To avoid this error, consider adding a custom base class to setup static
      mocking for org.springframework.test.context.cache.DefaultCacheAwareContextLoaderDelegate.
      For details on how to set up a custom base class, please follow this link:
      https://docs.diffblue.com/features/cover-cli/writing-tests/custom-test-setup
      See https://diff.blue/R026 to resolve this issue.
      
INFO  Affected methods:
      net.finmath.smartcontract.valuation.marketdata.curvecalibration.CalibrationDataItem.getDaysToMaturity:()Ljava/lang/Integer;
      
INFO  To resolve the issue, use the following prompt with your AI assistant:
      
      Fix the following issue preventing test creation for:
      net.finmath.smartcontract.valuation.marketdata.curvecalibration.CalibrationDataItem.getDaysToMaturity:()Ljava/lang/Integer;
      
      Attempt to initialize test context failed with
      java.lang.IllegalStateException: ApplicationContext failure threshold (1) exceeded: skipping repeated attempt to load context for [MergedContextConfiguration@5e45adec testClass = net.finmath.smartcontract.valuation.marketdata.curvecalibration.DiffblueFakeClass7059, locations = [], classes = [net.finmath.smartcontract.valuation.marketdata.curvecalibration.CalibrationDataItem, java.lang.Double, java.time.LocalDateTime], contextInitializerClasses = [], activeProfiles = [], propertySourceDescriptors = [], propertySourceProperties = [], contextCustomizers = [org.springframework.boot.test.context.filter.ExcludeFilterContextCustomizer@2bd2fbf7, org.springframework.boot.test.json.DuplicateJsonObjectContextCustomizerFactory$DuplicateJsonObjectContextCustomizer@2d11135a, org.springframework.boot.test.mock.mockito.MockitoContextCustomizer@92e92fb2, org.springframework.boot.test.web.reactor.netty.DisableReactorResourceFactoryGlobalResourcesContextCustomizerFactory$DisableReactorResourceFactoryGlobalResourcesContextCustomizerCustomizer@54294cf5, org.springframework.boot.test.autoconfigure.actuate.observability.ObservabilityContextCustomizerFactory$DisableObservabilityContextCustomizer@1f, org.springframework.boot.test.autoconfigure.properties.PropertyMappingContextCustomizer@0, org.springframework.boot.test.autoconfigure.web.servlet.WebDriverContextCustomizer@7507a5bc], contextLoader = org.springframework.test.context.support.DelegatingSmartContextLoader, parent = null]
          at org.springframework.test.context.cache.DefaultCacheAwareContextLoaderDelegate.loadContext(DefaultCacheAwareContextLoaderDelegate.java:145)
          at org.springframework.test.context.support.DefaultTestContext.getApplicationContext(DefaultTestContext.java:130)
          at java.util.stream.ReferencePipeline$3$1.accept(ReferencePipeline.java:197)
          at java.util.ArrayList$ArrayListSpliterator.forEachRemaining(ArrayList.java:1625)
          at java.util.stream.AbstractPipeline.copyInto(AbstractPipeline.java:509)
          at java.util.stream.AbstractPipeline.wrapAndCopyInto(AbstractPipeline.java:499)
          at java.util.stream.ReduceOps$ReduceOp.evaluateSequential(ReduceOps.java:921)
          at java.util.stream.AbstractPipeline.evaluate(AbstractPipeline.java:234)
          at java.util.stream.ReferencePipeline.collect(ReferencePipeline.java:682)
      when running class:
      package net.finmath.smartcontract.valuation.marketdata.curvecalibration;
      @org.springframework.test.context.ContextConfiguration(classes = {net.finmath.smartcontract.valuation.marketdata.curvecalibration.CalibrationDataItem.class,java.lang.Double.class,java.time.LocalDateTime.class})
      @org.junit.runner.RunWith(value = org.springframework.test.context.junit4.SpringRunner.class) // if JUnit 4
      @org.junit.jupiter.api.extension.ExtendWith(value = org.springframework.test.context.junit.jupiter.SpringExtension.class) // if JUnit 5
      public class DiffblueFakeClass7059 {
        @org.springframework.beans.factory.annotation.Autowired net.finmath.smartcontract.valuation.marketdata.curvecalibration.CalibrationDataItem calibrationDataItem;
        @org.springframework.boot.test.mock.mockito.MockBean net.finmath.smartcontract.valuation.marketdata.curvecalibration.CalibrationDataItem.Spec spec;
        @org.junit.Test // if JUnit 4
        @org.junit.jupiter.api.Test // if JUnit 5
        public void testSpringContextLoads() {}
      }
      To avoid this error, consider adding a custom base class to setup static
      mocking for org.springframework.test.context.cache.DefaultCacheAwareContextLoaderDelegate.
      For details on how to set up a custom base class, please follow this link:
      https://docs.diffblue.com/features/cover-cli/writing-tests/custom-test-setup
      See https://diff.blue/R026 to resolve this issue.
      
INFO  
INFO  R026: Failed to create Spring context
      Attempt to initialize test context failed with
      java.lang.IllegalStateException: Failed to load ApplicationContext for [MergedContextConfiguration@64f4c629 testClass = net.finmath.smartcontract.valuation.marketdata.curvecalibration.DiffblueFakeClass10673, locations = [], classes = [net.finmath.smartcontract.valuation.marketdata.curvecalibration.CalibrationSpecProviderOis, java.lang.String], contextInitializerClasses = [], activeProfiles = [], propertySourceDescriptors = [], propertySourceProperties = [], contextCustomizers = [org.springframework.boot.test.context.filter.ExcludeFilterContextCustomizer@2bd2fbf7, org.springframework.boot.test.json.DuplicateJsonObjectContextCustomizerFactory$DuplicateJsonObjectContextCustomizer@2d11135a, org.springframework.boot.test.mock.mockito.MockitoContextCustomizer@bb728bb2, org.springframework.boot.test.web.reactor.netty.DisableReactorResourceFactoryGlobalResourcesContextCustomizerFactory$DisableReactorResourceFactoryGlobalResourcesContextCustomizerCustomizer@54294cf5, org.springframework.boot.test.autoconfigure.actuate.observability.ObservabilityContextCustomizerFactory$DisableObservabilityContextCustomizer@1f, org.springframework.boot.test.autoconfigure.properties.PropertyMappingContextCustomizer@0, org.springframework.boot.test.autoconfigure.web.servlet.WebDriverContextCustomizer@7507a5bc], contextLoader = org.springframework.test.context.support.DelegatingSmartContextLoader, parent = null]
          at org.springframework.test.context.cache.DefaultCacheAwareContextLoaderDelegate.loadContext(DefaultCacheAwareContextLoaderDelegate.java:180)
          at org.springframework.test.context.support.DefaultTestContext.getApplicationContext(DefaultTestContext.java:130)
          at java.util.stream.ReferencePipeline$3$1.accept(ReferencePipeline.java:197)
          at java.util.ArrayList$ArrayListSpliterator.forEachRemaining(ArrayList.java:1625)
          at java.util.stream.AbstractPipeline.copyInto(AbstractPipeline.java:509)
          at java.util.stream.AbstractPipeline.wrapAndCopyInto(AbstractPipeline.java:499)
          at java.util.stream.ReduceOps$ReduceOp.evaluateSequential(ReduceOps.java:921)
          at java.util.stream.AbstractPipeline.evaluate(AbstractPipeline.java:234)
          at java.util.stream.ReferencePipeline.collect(ReferencePipeline.java:682)
      org.mockito.exceptions.base.MockitoException: 
      Cannot mock/spy double
      Mockito cannot mock/spy because :
       - primitive type
          at org.springframework.boot.test.mock.mockito.MockDefinition.createMock(MockDefinition.java:158)
          at org.springframework.boot.test.mock.mockito.MockitoPostProcessor.registerMock(MockitoPostProcessor.java:185)
          at org.springframework.boot.test.mock.mockito.MockitoPostProcessor.register(MockitoPostProcessor.java:167)
          at org.springframework.boot.test.mock.mockito.MockitoPostProcessor.postProcessBeanFactory(MockitoPostProcessor.java:141)
          at org.springframework.boot.test.mock.mockito.MockitoPostProcessor.postProcessBeanFactory(MockitoPostProcessor.java:129)
          at org.springframework.context.support.PostProcessorRegistrationDelegate.invokeBeanFactoryPostProcessors(PostProcessorRegistrationDelegate.java:363)
          at org.springframework.context.support.PostProcessorRegistrationDelegate.invokeBeanFactoryPostProcessors(PostProcessorRegistrationDelegate.java:197)
          at org.springframework.context.support.AbstractApplicationContext.invokeBeanFactoryPostProcessors(AbstractApplicationContext.java:789)
          at org.springframework.context.support.AbstractApplicationContext.refresh(AbstractApplicationContext.java:607)
          at org.springframework.test.context.support.AbstractGenericContextLoader.loadContext(AbstractGenericContextLoader.java:221)
          at org.springframework.test.context.support.AbstractGenericContextLoader.loadContext(AbstractGenericContextLoader.java:110)
          at org.springframework.test.context.support.AbstractDelegatingSmartContextLoader.loadContext(AbstractDelegatingSmartContextLoader.java:212)
          at org.springframework.test.context.cache.DefaultCacheAwareContextLoaderDelegate.loadContextInternal(DefaultCacheAwareContextLoaderDelegate.java:225)
          at org.springframework.test.context.cache.DefaultCacheAwareContextLoaderDelegate.loadContext(DefaultCacheAwareContextLoaderDelegate.java:152)
          at org.springframework.test.context.support.DefaultTestContext.getApplicationContext(DefaultTestContext.java:130)
          at java.util.stream.ReferencePipeline$3$1.accept(ReferencePipeline.java:197)
          at java.util.ArrayList$ArrayListSpliterator.forEachRemaining(ArrayList.java:1625)
          at java.util.stream.AbstractPipeline.copyInto(AbstractPipeline.java:509)
          at java.util.stream.AbstractPipeline.wrapAndCopyInto(AbstractPipeline.java:499)
          at java.util.stream.ReduceOps$ReduceOp.evaluateSequential(ReduceOps.java:921)
          at java.util.stream.AbstractPipeline.evaluate(AbstractPipeline.java:234)
          at java.util.stream.ReferencePipeline.collect(ReferencePipeline.java:682)
      when running class:
      package net.finmath.smartcontract.valuation.marketdata.curvecalibration;
      @org.springframework.test.context.ContextConfiguration(classes = {net.finmath.smartcontract.valuation.marketdata.curvecalibration.CalibrationSpecProviderOis.class,java.lang.String.class})
      @org.junit.runner.RunWith(value = org.springframework.test.context.junit4.SpringRunner.class) // if JUnit 4
      @org.junit.jupiter.api.extension.ExtendWith(value = org.springframework.test.context.junit.jupiter.SpringExtension.class) // if JUnit 5
      public class DiffblueFakeClass10673 {
        @org.springframework.boot.test.mock.mockito.MockBean double aDouble;
        @org.springframework.beans.factory.annotation.Autowired net.finmath.smartcontract.valuation.marketdata.curvecalibration.CalibrationSpecProviderOis calibrationSpecProviderOis;
        @org.junit.Test // if JUnit 4
        @org.junit.jupiter.api.Test // if JUnit 5
        public void testSpringContextLoads() {}
      }
      To avoid this error, consider adding a custom base class to setup static
      mocking for org.springframework.boot.test.mock.mockito.MockitoPostProcessor.
      For details on how to set up a custom base class, please follow this link:
      https://docs.diffblue.com/features/cover-cli/writing-tests/custom-test-setup
      See https://diff.blue/R026 to resolve this issue.
      
INFO  Affected methods:
      net.finmath.smartcontract.valuation.marketdata.curvecalibration.CalibrationSpecProviderOis.getCalibrationSpec:(Lnet/finmath/smartcontract/valuation/marketdata/curvecalibration/CalibrationContext;)Lnet/finmath/marketdata/calibration/CalibratedCurves$CalibrationSpec;
      
INFO  To resolve the issue, use the following prompt with your AI assistant:
      
      Fix the following issue preventing test creation for:
      net.finmath.smartcontract.valuation.marketdata.curvecalibration.CalibrationSpecProviderOis.getCalibrationSpec:(Lnet/finmath/smartcontract/valuation/marketdata/curvecalibration/CalibrationContext;)Lnet/finmath/marketdata/calibration/CalibratedCurves$CalibrationSpec;
      
      Attempt to initialize test context failed with
      java.lang.IllegalStateException: Failed to load ApplicationContext for [MergedContextConfiguration@64f4c629 testClass = net.finmath.smartcontract.valuation.marketdata.curvecalibration.DiffblueFakeClass10673, locations = [], classes = [net.finmath.smartcontract.valuation.marketdata.curvecalibration.CalibrationSpecProviderOis, java.lang.String], contextInitializerClasses = [], activeProfiles = [], propertySourceDescriptors = [], propertySourceProperties = [], contextCustomizers = [org.springframework.boot.test.context.filter.ExcludeFilterContextCustomizer@2bd2fbf7, org.springframework.boot.test.json.DuplicateJsonObjectContextCustomizerFactory$DuplicateJsonObjectContextCustomizer@2d11135a, org.springframework.boot.test.mock.mockito.MockitoContextCustomizer@bb728bb2, org.springframework.boot.test.web.reactor.netty.DisableReactorResourceFactoryGlobalResourcesContextCustomizerFactory$DisableReactorResourceFactoryGlobalResourcesContextCustomizerCustomizer@54294cf5, org.springframework.boot.test.autoconfigure.actuate.observability.ObservabilityContextCustomizerFactory$DisableObservabilityContextCustomizer@1f, org.springframework.boot.test.autoconfigure.properties.PropertyMappingContextCustomizer@0, org.springframework.boot.test.autoconfigure.web.servlet.WebDriverContextCustomizer@7507a5bc], contextLoader = org.springframework.test.context.support.DelegatingSmartContextLoader, parent = null]
          at org.springframework.test.context.cache.DefaultCacheAwareContextLoaderDelegate.loadContext(DefaultCacheAwareContextLoaderDelegate.java:180)
          at org.springframework.test.context.support.DefaultTestContext.getApplicationContext(DefaultTestContext.java:130)
          at java.util.stream.ReferencePipeline$3$1.accept(ReferencePipeline.java:197)
          at java.util.ArrayList$ArrayListSpliterator.forEachRemaining(ArrayList.java:1625)
          at java.util.stream.AbstractPipeline.copyInto(AbstractPipeline.java:509)
          at java.util.stream.AbstractPipeline.wrapAndCopyInto(AbstractPipeline.java:499)
          at java.util.stream.ReduceOps$ReduceOp.evaluateSequential(ReduceOps.java:921)
          at java.util.stream.AbstractPipeline.evaluate(AbstractPipeline.java:234)
          at java.util.stream.ReferencePipeline.collect(ReferencePipeline.java:682)
      org.mockito.exceptions.base.MockitoException: 
      Cannot mock/spy double
      Mockito cannot mock/spy because :
       - primitive type
          at org.springframework.boot.test.mock.mockito.MockDefinition.createMock(MockDefinition.java:158)
          at org.springframework.boot.test.mock.mockito.MockitoPostProcessor.registerMock(MockitoPostProcessor.java:185)
          at org.springframework.boot.test.mock.mockito.MockitoPostProcessor.register(MockitoPostProcessor.java:167)
          at org.springframework.boot.test.mock.mockito.MockitoPostProcessor.postProcessBeanFactory(MockitoPostProcessor.java:141)
          at org.springframework.boot.test.mock.mockito.MockitoPostProcessor.postProcessBeanFactory(MockitoPostProcessor.java:129)
          at org.springframework.context.support.PostProcessorRegistrationDelegate.invokeBeanFactoryPostProcessors(PostProcessorRegistrationDelegate.java:363)
          at org.springframework.context.support.PostProcessorRegistrationDelegate.invokeBeanFactoryPostProcessors(PostProcessorRegistrationDelegate.java:197)
          at org.springframework.context.support.AbstractApplicationContext.invokeBeanFactoryPostProcessors(AbstractApplicationContext.java:789)
          at org.springframework.context.support.AbstractApplicationContext.refresh(AbstractApplicationContext.java:607)
          at org.springframework.test.context.support.AbstractGenericContextLoader.loadContext(AbstractGenericContextLoader.java:221)
          at org.springframework.test.context.support.AbstractGenericContextLoader.loadContext(AbstractGenericContextLoader.java:110)
          at org.springframework.test.context.support.AbstractDelegatingSmartContextLoader.loadContext(AbstractDelegatingSmartContextLoader.java:212)
          at org.springframework.test.context.cache.DefaultCacheAwareContextLoaderDelegate.loadContextInternal(DefaultCacheAwareContextLoaderDelegate.java:225)
          at org.springframework.test.context.cache.DefaultCacheAwareContextLoaderDelegate.loadContext(DefaultCacheAwareContextLoaderDelegate.java:152)
          at org.springframework.test.context.support.DefaultTestContext.getApplicationContext(DefaultTestContext.java:130)
          at java.util.stream.ReferencePipeline$3$1.accept(ReferencePipeline.java:197)
          at java.util.ArrayList$ArrayListSpliterator.forEachRemaining(ArrayList.java:1625)
          at java.util.stream.AbstractPipeline.copyInto(AbstractPipeline.java:509)
          at java.util.stream.AbstractPipeline.wrapAndCopyInto(AbstractPipeline.java:499)
          at java.util.stream.ReduceOps$ReduceOp.evaluateSequential(ReduceOps.java:921)
          at java.util.stream.AbstractPipeline.evaluate(AbstractPipeline.java:234)
          at java.util.stream.ReferencePipeline.collect(ReferencePipeline.java:682)
      when running class:
      package net.finmath.smartcontract.valuation.marketdata.curvecalibration;
      @org.springframework.test.context.ContextConfiguration(classes = {net.finmath.smartcontract.valuation.marketdata.curvecalibration.CalibrationSpecProviderOis.class,java.lang.String.class})
      @org.junit.runner.RunWith(value = org.springframework.test.context.junit4.SpringRunner.class) // if JUnit 4
      @org.junit.jupiter.api.extension.ExtendWith(value = org.springframework.test.context.junit.jupiter.SpringExtension.class) // if JUnit 5
      public class DiffblueFakeClass10673 {
        @org.springframework.boot.test.mock.mockito.MockBean double aDouble;
        @org.springframework.beans.factory.annotation.Autowired net.finmath.smartcontract.valuation.marketdata.curvecalibration.CalibrationSpecProviderOis calibrationSpecProviderOis;
        @org.junit.Test // if JUnit 4
        @org.junit.jupiter.api.Test // if JUnit 5
        public void testSpringContextLoads() {}
      }
      To avoid this error, consider adding a custom base class to setup static
      mocking for org.springframework.boot.test.mock.mockito.MockitoPostProcessor.
      For details on how to set up a custom base class, please follow this link:
      https://docs.diffblue.com/features/cover-cli/writing-tests/custom-test-setup
      See https://diff.blue/R026 to resolve this issue.
      
INFO  
INFO  R026: Failed to create Spring context
      Attempt to initialize test context failed with
      java.lang.IllegalStateException: Failed to load ApplicationContext for [MergedContextConfiguration@25197ba testClass = net.finmath.smartcontract.valuation.marketdata.curvecalibration.DiffblueFakeClass10677, locations = [], classes = [net.finmath.smartcontract.valuation.marketdata.curvecalibration.CalibrationSpecProviderSwap, java.lang.String], contextInitializerClasses = [], activeProfiles = [], propertySourceDescriptors = [], propertySourceProperties = [], contextCustomizers = [org.springframework.boot.test.context.filter.ExcludeFilterContextCustomizer@2bd2fbf7, org.springframework.boot.test.json.DuplicateJsonObjectContextCustomizerFactory$DuplicateJsonObjectContextCustomizer@2d11135a, org.springframework.boot.test.mock.mockito.MockitoContextCustomizer@bb728bb2, org.springframework.boot.test.web.reactor.netty.DisableReactorResourceFactoryGlobalResourcesContextCustomizerFactory$DisableReactorResourceFactoryGlobalResourcesContextCustomizerCustomizer@54294cf5, org.springframework.boot.test.autoconfigure.actuate.observability.ObservabilityContextCustomizerFactory$DisableObservabilityContextCustomizer@1f, org.springframework.boot.test.autoconfigure.properties.PropertyMappingContextCustomizer@0, org.springframework.boot.test.autoconfigure.web.servlet.WebDriverContextCustomizer@7507a5bc], contextLoader = org.springframework.test.context.support.DelegatingSmartContextLoader, parent = null]
          at org.springframework.test.context.cache.DefaultCacheAwareContextLoaderDelegate.loadContext(DefaultCacheAwareContextLoaderDelegate.java:180)
          at org.springframework.test.context.support.DefaultTestContext.getApplicationContext(DefaultTestContext.java:130)
          at java.util.stream.ReferencePipeline$3$1.accept(ReferencePipeline.java:197)
          at java.util.ArrayList$ArrayListSpliterator.forEachRemaining(ArrayList.java:1625)
          at java.util.stream.AbstractPipeline.copyInto(AbstractPipeline.java:509)
          at java.util.stream.AbstractPipeline.wrapAndCopyInto(AbstractPipeline.java:499)
          at java.util.stream.ReduceOps$ReduceOp.evaluateSequential(ReduceOps.java:921)
          at java.util.stream.AbstractPipeline.evaluate(AbstractPipeline.java:234)
          at java.util.stream.ReferencePipeline.collect(ReferencePipeline.java:682)
      org.mockito.exceptions.base.MockitoException: 
      Cannot mock/spy double
      Mockito cannot mock/spy because :
       - primitive type
          at org.springframework.boot.test.mock.mockito.MockDefinition.createMock(MockDefinition.java:158)
          at org.springframework.boot.test.mock.mockito.MockitoPostProcessor.registerMock(MockitoPostProcessor.java:185)
          at org.springframework.boot.test.mock.mockito.MockitoPostProcessor.register(MockitoPostProcessor.java:167)
          at org.springframework.boot.test.mock.mockito.MockitoPostProcessor.postProcessBeanFactory(MockitoPostProcessor.java:141)
          at org.springframework.boot.test.mock.mockito.MockitoPostProcessor.postProcessBeanFactory(MockitoPostProcessor.java:129)
          at org.springframework.context.support.PostProcessorRegistrationDelegate.invokeBeanFactoryPostProcessors(PostProcessorRegistrationDelegate.java:363)
          at org.springframework.context.support.PostProcessorRegistrationDelegate.invokeBeanFactoryPostProcessors(PostProcessorRegistrationDelegate.java:197)
          at org.springframework.context.support.AbstractApplicationContext.invokeBeanFactoryPostProcessors(AbstractApplicationContext.java:789)
          at org.springframework.context.support.AbstractApplicationContext.refresh(AbstractApplicationContext.java:607)
          at org.springframework.test.context.support.AbstractGenericContextLoader.loadContext(AbstractGenericContextLoader.java:221)
          at org.springframework.test.context.support.AbstractGenericContextLoader.loadContext(AbstractGenericContextLoader.java:110)
          at org.springframework.test.context.support.AbstractDelegatingSmartContextLoader.loadContext(AbstractDelegatingSmartContextLoader.java:212)
          at org.springframework.test.context.cache.DefaultCacheAwareContextLoaderDelegate.loadContextInternal(DefaultCacheAwareContextLoaderDelegate.java:225)
          at org.springframework.test.context.cache.DefaultCacheAwareContextLoaderDelegate.loadContext(DefaultCacheAwareContextLoaderDelegate.java:152)
          at org.springframework.test.context.support.DefaultTestContext.getApplicationContext(DefaultTestContext.java:130)
          at java.util.stream.ReferencePipeline$3$1.accept(ReferencePipeline.java:197)
          at java.util.ArrayList$ArrayListSpliterator.forEachRemaining(ArrayList.java:1625)
          at java.util.stream.AbstractPipeline.copyInto(AbstractPipeline.java:509)
          at java.util.stream.AbstractPipeline.wrapAndCopyInto(AbstractPipeline.java:499)
          at java.util.stream.ReduceOps$ReduceOp.evaluateSequential(ReduceOps.java:921)
          at java.util.stream.AbstractPipeline.evaluate(AbstractPipeline.java:234)
          at java.util.stream.ReferencePipeline.collect(ReferencePipeline.java:682)
      when running class:
      package net.finmath.smartcontract.valuation.marketdata.curvecalibration;
      @org.springframework.test.context.ContextConfiguration(classes = {net.finmath.smartcontract.valuation.marketdata.curvecalibration.CalibrationSpecProviderSwap.class,java.lang.String.class})
      @org.junit.runner.RunWith(value = org.springframework.test.context.junit4.SpringRunner.class) // if JUnit 4
      @org.junit.jupiter.api.extension.ExtendWith(value = org.springframework.test.context.junit.jupiter.SpringExtension.class) // if JUnit 5
      public class DiffblueFakeClass10677 {
        @org.springframework.boot.test.mock.mockito.MockBean double aDouble;
        @org.springframework.beans.factory.annotation.Autowired net.finmath.smartcontract.valuation.marketdata.curvecalibration.CalibrationSpecProviderSwap calibrationSpecProviderSwap;
        @org.junit.Test // if JUnit 4
        @org.junit.jupiter.api.Test // if JUnit 5
        public void testSpringContextLoads() {}
      }
      To avoid this error, consider adding a custom base class to setup static
      mocking for org.springframework.boot.test.mock.mockito.MockitoPostProcessor.
      For details on how to set up a custom base class, please follow this link:
      https://docs.diffblue.com/features/cover-cli/writing-tests/custom-test-setup
      See https://diff.blue/R026 to resolve this issue.
      
INFO  Affected methods:
      net.finmath.smartcontract.valuation.marketdata.curvecalibration.CalibrationSpecProviderSwap.getCalibrationSpec:(Lnet/finmath/smartcontract/valuation/marketdata/curvecalibration/CalibrationContext;)Lnet/finmath/marketdata/calibration/CalibratedCurves$CalibrationSpec;
      
INFO  To resolve the issue, use the following prompt with your AI assistant:
      
      Fix the following issue preventing test creation for:
      net.finmath.smartcontract.valuation.marketdata.curvecalibration.CalibrationSpecProviderSwap.getCalibrationSpec:(Lnet/finmath/smartcontract/valuation/marketdata/curvecalibration/CalibrationContext;)Lnet/finmath/marketdata/calibration/CalibratedCurves$CalibrationSpec;
      
      Attempt to initialize test context failed with
      java.lang.IllegalStateException: Failed to load ApplicationContext for [MergedContextConfiguration@25197ba testClass = net.finmath.smartcontract.valuation.marketdata.curvecalibration.DiffblueFakeClass10677, locations = [], classes = [net.finmath.smartcontract.valuation.marketdata.curvecalibration.CalibrationSpecProviderSwap, java.lang.String], contextInitializerClasses = [], activeProfiles = [], propertySourceDescriptors = [], propertySourceProperties = [], contextCustomizers = [org.springframework.boot.test.context.filter.ExcludeFilterContextCustomizer@2bd2fbf7, org.springframework.boot.test.json.DuplicateJsonObjectContextCustomizerFactory$DuplicateJsonObjectContextCustomizer@2d11135a, org.springframework.boot.test.mock.mockito.MockitoContextCustomizer@bb728bb2, org.springframework.boot.test.web.reactor.netty.DisableReactorResourceFactoryGlobalResourcesContextCustomizerFactory$DisableReactorResourceFactoryGlobalResourcesContextCustomizerCustomizer@54294cf5, org.springframework.boot.test.autoconfigure.actuate.observability.ObservabilityContextCustomizerFactory$DisableObservabilityContextCustomizer@1f, org.springframework.boot.test.autoconfigure.properties.PropertyMappingContextCustomizer@0, org.springframework.boot.test.autoconfigure.web.servlet.WebDriverContextCustomizer@7507a5bc], contextLoader = org.springframework.test.context.support.DelegatingSmartContextLoader, parent = null]
          at org.springframework.test.context.cache.DefaultCacheAwareContextLoaderDelegate.loadContext(DefaultCacheAwareContextLoaderDelegate.java:180)
          at org.springframework.test.context.support.DefaultTestContext.getApplicationContext(DefaultTestContext.java:130)
          at java.util.stream.ReferencePipeline$3$1.accept(ReferencePipeline.java:197)
          at java.util.ArrayList$ArrayListSpliterator.forEachRemaining(ArrayList.java:1625)
          at java.util.stream.AbstractPipeline.copyInto(AbstractPipeline.java:509)
          at java.util.stream.AbstractPipeline.wrapAndCopyInto(AbstractPipeline.java:499)
          at java.util.stream.ReduceOps$ReduceOp.evaluateSequential(ReduceOps.java:921)
          at java.util.stream.AbstractPipeline.evaluate(AbstractPipeline.java:234)
          at java.util.stream.ReferencePipeline.collect(ReferencePipeline.java:682)
      org.mockito.exceptions.base.MockitoException: 
      Cannot mock/spy double
      Mockito cannot mock/spy because :
       - primitive type
          at org.springframework.boot.test.mock.mockito.MockDefinition.createMock(MockDefinition.java:158)
          at org.springframework.boot.test.mock.mockito.MockitoPostProcessor.registerMock(MockitoPostProcessor.java:185)
          at org.springframework.boot.test.mock.mockito.MockitoPostProcessor.register(MockitoPostProcessor.java:167)
          at org.springframework.boot.test.mock.mockito.MockitoPostProcessor.postProcessBeanFactory(MockitoPostProcessor.java:141)
          at org.springframework.boot.test.mock.mockito.MockitoPostProcessor.postProcessBeanFactory(MockitoPostProcessor.java:129)
          at org.springframework.context.support.PostProcessorRegistrationDelegate.invokeBeanFactoryPostProcessors(PostProcessorRegistrationDelegate.java:363)
          at org.springframework.context.support.PostProcessorRegistrationDelegate.invokeBeanFactoryPostProcessors(PostProcessorRegistrationDelegate.java:197)
          at org.springframework.context.support.AbstractApplicationContext.invokeBeanFactoryPostProcessors(AbstractApplicationContext.java:789)
          at org.springframework.context.support.AbstractApplicationContext.refresh(AbstractApplicationContext.java:607)
          at org.springframework.test.context.support.AbstractGenericContextLoader.loadContext(AbstractGenericContextLoader.java:221)
          at org.springframework.test.context.support.AbstractGenericContextLoader.loadContext(AbstractGenericContextLoader.java:110)
          at org.springframework.test.context.support.AbstractDelegatingSmartContextLoader.loadContext(AbstractDelegatingSmartContextLoader.java:212)
          at org.springframework.test.context.cache.DefaultCacheAwareContextLoaderDelegate.loadContextInternal(DefaultCacheAwareContextLoaderDelegate.java:225)
          at org.springframework.test.context.cache.DefaultCacheAwareContextLoaderDelegate.loadContext(DefaultCacheAwareContextLoaderDelegate.java:152)
          at org.springframework.test.context.support.DefaultTestContext.getApplicationContext(DefaultTestContext.java:130)
          at java.util.stream.ReferencePipeline$3$1.accept(ReferencePipeline.java:197)
          at java.util.ArrayList$ArrayListSpliterator.forEachRemaining(ArrayList.java:1625)
          at java.util.stream.AbstractPipeline.copyInto(AbstractPipeline.java:509)
          at java.util.stream.AbstractPipeline.wrapAndCopyInto(AbstractPipeline.java:499)
          at java.util.stream.ReduceOps$ReduceOp.evaluateSequential(ReduceOps.java:921)
          at java.util.stream.AbstractPipeline.evaluate(AbstractPipeline.java:234)
          at java.util.stream.ReferencePipeline.collect(ReferencePipeline.java:682)
      when running class:
      package net.finmath.smartcontract.valuation.marketdata.curvecalibration;
      @org.springframework.test.context.ContextConfiguration(classes = {net.finmath.smartcontract.valuation.marketdata.curvecalibration.CalibrationSpecProviderSwap.class,java.lang.String.class})
      @org.junit.runner.RunWith(value = org.springframework.test.context.junit4.SpringRunner.class) // if JUnit 4
      @org.junit.jupiter.api.extension.ExtendWith(value = org.springframework.test.context.junit.jupiter.SpringExtension.class) // if JUnit 5
      public class DiffblueFakeClass10677 {
        @org.springframework.boot.test.mock.mockito.MockBean double aDouble;
        @org.springframework.beans.factory.annotation.Autowired net.finmath.smartcontract.valuation.marketdata.curvecalibration.CalibrationSpecProviderSwap calibrationSpecProviderSwap;
        @org.junit.Test // if JUnit 4
        @org.junit.jupiter.api.Test // if JUnit 5
        public void testSpringContextLoads() {}
      }
      To avoid this error, consider adding a custom base class to setup static
      mocking for org.springframework.boot.test.mock.mockito.MockitoPostProcessor.
      For details on how to set up a custom base class, please follow this link:
      https://docs.diffblue.com/features/cover-cli/writing-tests/custom-test-setup
      See https://diff.blue/R026 to resolve this issue.
      
INFO  
INFO  R026: Failed to create Spring context
      Attempt to initialize test context failed with
      com.diffblue.fuzztest.shared.proxy.BeanInstantiationException: Could not instantiate bean: databaseConnector defined in null
          at java.util.stream.ReferencePipeline$3$1.accept(ReferencePipeline.java:197)
          at java.util.ArrayList$ArrayListSpliterator.forEachRemaining(ArrayList.java:1625)
          at java.util.stream.AbstractPipeline.copyInto(AbstractPipeline.java:509)
          at java.util.stream.AbstractPipeline.wrapAndCopyInto(AbstractPipeline.java:499)
          at java.util.stream.ReduceOps$ReduceOp.evaluateSequential(ReduceOps.java:921)
          at java.util.stream.AbstractPipeline.evaluate(AbstractPipeline.java:234)
          at java.util.stream.ReferencePipeline.collect(ReferencePipeline.java:682)
      java.lang.IllegalStateException: Failed to load ApplicationContext for [MergedContextConfiguration@66316ba testClass = net.finmath.smartcontract.valuation.marketdata.database.DiffblueFakeClass11173, locations = [], classes = [net.finmath.smartcontract.valuation.marketdata.database.DatabaseConnector], contextInitializerClasses = [], activeProfiles = [], propertySourceDescriptors = [], propertySourceProperties = [], contextCustomizers = [org.springframework.boot.test.context.filter.ExcludeFilterContextCustomizer@2bd2fbf7, org.springframework.boot.test.json.DuplicateJsonObjectContextCustomizerFactory$DuplicateJsonObjectContextCustomizer@2d11135a, org.springframework.boot.test.mock.mockito.MockitoContextCustomizer@c5d46612, org.springframework.boot.test.web.reactor.netty.DisableReactorResourceFactoryGlobalResourcesContextCustomizerFactory$DisableReactorResourceFactoryGlobalResourcesContextCustomizerCustomizer@54294cf5, org.springframework.boot.test.autoconfigure.actuate.observability.ObservabilityContextCustomizerFactory$DisableObservabilityContextCustomizer@1f, org.springframework.boot.test.autoconfigure.properties.PropertyMappingContextCustomizer@0, org.springframework.boot.test.autoconfigure.web.servlet.WebDriverContextCustomizer@7507a5bc], contextLoader = org.springframework.test.context.support.DelegatingSmartContextLoader, parent = null]
          at org.springframework.test.context.cache.DefaultCacheAwareContextLoaderDelegate.loadContext(DefaultCacheAwareContextLoaderDelegate.java:180)
          at org.springframework.test.context.support.DefaultTestContext.getApplicationContext(DefaultTestContext.java:130)
          at java.util.stream.ReferencePipeline$3$1.accept(ReferencePipeline.java:197)
          at java.util.ArrayList$ArrayListSpliterator.forEachRemaining(ArrayList.java:1625)
          at java.util.stream.AbstractPipeline.copyInto(AbstractPipeline.java:509)
          at java.util.stream.AbstractPipeline.wrapAndCopyInto(AbstractPipeline.java:499)
          at java.util.stream.ReduceOps$ReduceOp.evaluateSequential(ReduceOps.java:921)
          at java.util.stream.AbstractPipeline.evaluate(AbstractPipeline.java:234)
          at java.util.stream.ReferencePipeline.collect(ReferencePipeline.java:682)
      org.springframework.beans.factory.BeanCreationException: Error creating bean with name 'databaseConnector': Invocation of init method failed
          at org.springframework.beans.factory.annotation.InitDestroyAnnotationBeanPostProcessor.postProcessBeforeInitialization(InitDestroyAnnotationBeanPostProcessor.java:222)
          at org.springframework.beans.factory.support.AbstractAutowireCapableBeanFactory.applyBeanPostProcessorsBeforeInitialization(AbstractAutowireCapableBeanFactory.java:422)
          at org.springframework.beans.factory.support.AbstractAutowireCapableBeanFactory.initializeBean(AbstractAutowireCapableBeanFactory.java:1798)
          at org.springframework.beans.factory.support.AbstractAutowireCapableBeanFactory.doCreateBean(AbstractAutowireCapableBeanFactory.java:600)
          at org.springframework.beans.factory.support.AbstractAutowireCapableBeanFactory.createBean(AbstractAutowireCapableBeanFactory.java:522)
          at org.springframework.beans.factory.support.AbstractBeanFactory.lambda$doGetBean$0(AbstractBeanFactory.java:337)
          at org.springframework.beans.factory.support.DefaultSingletonBeanRegistry.getSingleton(DefaultSingletonBeanRegistry.java:234)
          at org.springframework.beans.factory.support.AbstractBeanFactory.doGetBean(AbstractBeanFactory.java:335)
          at org.springframework.beans.factory.support.AbstractBeanFactory.getBean(AbstractBeanFactory.java:200)
          at org.springframework.beans.factory.support.DefaultListableBeanFactory.preInstantiateSingletons(DefaultListableBeanFactory.java:975)
          at org.springframework.context.support.AbstractApplicationContext.finishBeanFactoryInitialization(AbstractApplicationContext.java:971)
          at org.springframework.context.support.AbstractApplicationContext.refresh(AbstractApplicationContext.java:625)
          at org.springframework.test.context.support.AbstractGenericContextLoader.loadContext(AbstractGenericContextLoader.java:221)
          at org.springframework.test.context.support.AbstractGenericContextLoader.loadContext(AbstractGenericContextLoader.java:110)
          at org.springframework.test.context.support.AbstractDelegatingSmartContextLoader.loadContext(AbstractDelegatingSmartContextLoader.java:212)
          at org.springframework.test.context.cache.DefaultCacheAwareContextLoaderDelegate.loadContextInternal(DefaultCacheAwareContextLoaderDelegate.java:225)
          at org.springframework.test.context.cache.DefaultCacheAwareContextLoaderDelegate.loadContext(DefaultCacheAwareContextLoaderDelegate.java:152)
          at org.springframework.test.context.support.DefaultTestContext.getApplicationContext(DefaultTestContext.java:130)
          at java.util.stream.ReferencePipeline$3$1.accept(ReferencePipeline.java:197)
          at java.util.ArrayList$ArrayListSpliterator.forEachRemaining(ArrayList.java:1625)
          at java.util.stream.AbstractPipeline.copyInto(AbstractPipeline.java:509)
          at java.util.stream.AbstractPipeline.wrapAndCopyInto(AbstractPipeline.java:499)
          at java.util.stream.ReduceOps$ReduceOp.evaluateSequential(ReduceOps.java:921)
          at java.util.stream.AbstractPipeline.evaluate(AbstractPipeline.java:234)
          at java.util.stream.ReferencePipeline.collect(ReferencePipeline.java:682)
      java.lang.NullPointerException: Cannot invoke "org.springframework.core.io.Resource.getContentAsString(java.nio.charset.Charset)" because the return value of "net.finmath.smartcontract.valuation.service.utils.ResourceGovernor.getDatabasePropertiesAsResourceInReadMode()" is null
          at net.finmath.smartcontract.valuation.marketdata.database.DatabaseConnector.init(DatabaseConnector.java:52)
          at org.springframework.beans.factory.annotation.InitDestroyAnnotationBeanPostProcessor$LifecycleMethod.invoke(InitDestroyAnnotationBeanPostProcessor.java:457)
          at org.springframework.beans.factory.annotation.InitDestroyAnnotationBeanPostProcessor$LifecycleMetadata.invokeInitMethods(InitDestroyAnnotationBeanPostProcessor.java:401)
          at org.springframework.beans.factory.annotation.InitDestroyAnnotationBeanPostProcessor.postProcessBeforeInitialization(InitDestroyAnnotationBeanPostProcessor.java:219)
          at org.springframework.beans.factory.support.AbstractAutowireCapableBeanFactory.applyBeanPostProcessorsBeforeInitialization(AbstractAutowireCapableBeanFactory.java:422)
          at org.springframework.beans.factory.support.AbstractAutowireCapableBeanFactory.initializeBean(AbstractAutowireCapableBeanFactory.java:1798)
          at org.springframework.beans.factory.support.AbstractAutowireCapableBeanFactory.doCreateBean(AbstractAutowireCapableBeanFactory.java:600)
          at org.springframework.beans.factory.support.AbstractAutowireCapableBeanFactory.createBean(AbstractAutowireCapableBeanFactory.java:522)
          at org.springframework.beans.factory.support.AbstractBeanFactory.lambda$doGetBean$0(AbstractBeanFactory.java:337)
          at org.springframework.beans.factory.support.DefaultSingletonBeanRegistry.getSingleton(DefaultSingletonBeanRegistry.java:234)
          at org.springframework.beans.factory.support.AbstractBeanFactory.doGetBean(AbstractBeanFactory.java:335)
          at org.springframework.beans.factory.support.AbstractBeanFactory.getBean(AbstractBeanFactory.java:200)
          at org.springframework.beans.factory.support.DefaultListableBeanFactory.preInstantiateSingletons(DefaultListableBeanFactory.java:975)
          at org.springframework.context.support.AbstractApplicationContext.finishBeanFactoryInitialization(AbstractApplicationContext.java:971)
          at org.springframework.context.support.AbstractApplicationContext.refresh(AbstractApplicationContext.java:625)
          at org.springframework.test.context.support.AbstractGenericContextLoader.loadContext(AbstractGenericContextLoader.java:221)
          at org.springframework.test.context.support.AbstractGenericContextLoader.loadContext(AbstractGenericContextLoader.java:110)
          at org.springframework.test.context.support.AbstractDelegatingSmartContextLoader.loadContext(AbstractDelegatingSmartContextLoader.java:212)
          at org.springframework.test.context.cache.DefaultCacheAwareContextLoaderDelegate.loadContextInternal(DefaultCacheAwareContextLoaderDelegate.java:225)
          at org.springframework.test.context.cache.DefaultCacheAwareContextLoaderDelegate.loadContext(DefaultCacheAwareContextLoaderDelegate.java:152)
          at org.springframework.test.context.support.DefaultTestContext.getApplicationContext(DefaultTestContext.java:130)
          at java.util.stream.ReferencePipeline$3$1.accept(ReferencePipeline.java:197)
          at java.util.ArrayList$ArrayListSpliterator.forEachRemaining(ArrayList.java:1625)
          at java.util.stream.AbstractPipeline.copyInto(AbstractPipeline.java:509)
          at java.util.stream.AbstractPipeline.wrapAndCopyInto(AbstractPipeline.java:499)
          at java.util.stream.ReduceOps$ReduceOp.evaluateSequential(ReduceOps.java:921)
          at java.util.stream.AbstractPipeline.evaluate(AbstractPipeline.java:234)
          at java.util.stream.ReferencePipeline.collect(ReferencePipeline.java:682)
      when running class:
      package net.finmath.smartcontract.valuation.marketdata.database;
      @org.springframework.test.context.ContextConfiguration(classes = {net.finmath.smartcontract.valuation.marketdata.database.DatabaseConnector.class})
      @org.junit.runner.RunWith(value = org.springframework.test.context.junit4.SpringRunner.class) // if JUnit 4
      @org.junit.jupiter.api.extension.ExtendWith(value = org.springframework.test.context.junit.jupiter.SpringExtension.class) // if JUnit 5
      public class DiffblueFakeClass11173 {
        @org.springframework.beans.factory.annotation.Autowired net.finmath.smartcontract.valuation.marketdata.database.DatabaseConnector databaseConnector;
        @org.springframework.boot.test.mock.mockito.MockBean net.finmath.smartcontract.valuation.service.utils.ResourceGovernor resourceGovernor;
        @org.junit.Test // if JUnit 4
        @org.junit.jupiter.api.Test // if JUnit 5
        public void testSpringContextLoads() {}
      }
      To avoid this error, consider adding a custom base class to setup static
      mocking for jdk.internal.reflect.NativeMethodAccessorImpl.
      For details on how to set up a custom base class, please follow this link:
      https://docs.diffblue.com/features/cover-cli/writing-tests/custom-test-setup
      See https://diff.blue/R026 to resolve this issue.
      
INFO  Affected methods:
      net.finmath.smartcontract.valuation.marketdata.database.DatabaseConnector.fetchFromDatabase:(Ljava/util/List;Ljava/lang/String;)V
      
INFO  To resolve the issue, use the following prompt with your AI assistant:
      
      Fix the following issue preventing test creation for:
      net.finmath.smartcontract.valuation.marketdata.database.DatabaseConnector.fetchFromDatabase:(Ljava/util/List;Ljava/lang/String;)V
      
      Attempt to initialize test context failed with
      com.diffblue.fuzztest.shared.proxy.BeanInstantiationException: Could not instantiate bean: databaseConnector defined in null
          at java.util.stream.ReferencePipeline$3$1.accept(ReferencePipeline.java:197)
          at java.util.ArrayList$ArrayListSpliterator.forEachRemaining(ArrayList.java:1625)
          at java.util.stream.AbstractPipeline.copyInto(AbstractPipeline.java:509)
          at java.util.stream.AbstractPipeline.wrapAndCopyInto(AbstractPipeline.java:499)
          at java.util.stream.ReduceOps$ReduceOp.evaluateSequential(ReduceOps.java:921)
          at java.util.stream.AbstractPipeline.evaluate(AbstractPipeline.java:234)
          at java.util.stream.ReferencePipeline.collect(ReferencePipeline.java:682)
      java.lang.IllegalStateException: Failed to load ApplicationContext for [MergedContextConfiguration@66316ba testClass = net.finmath.smartcontract.valuation.marketdata.database.DiffblueFakeClass11173, locations = [], classes = [net.finmath.smartcontract.valuation.marketdata.database.DatabaseConnector], contextInitializerClasses = [], activeProfiles = [], propertySourceDescriptors = [], propertySourceProperties = [], contextCustomizers = [org.springframework.boot.test.context.filter.ExcludeFilterContextCustomizer@2bd2fbf7, org.springframework.boot.test.json.DuplicateJsonObjectContextCustomizerFactory$DuplicateJsonObjectContextCustomizer@2d11135a, org.springframework.boot.test.mock.mockito.MockitoContextCustomizer@c5d46612, org.springframework.boot.test.web.reactor.netty.DisableReactorResourceFactoryGlobalResourcesContextCustomizerFactory$DisableReactorResourceFactoryGlobalResourcesContextCustomizerCustomizer@54294cf5, org.springframework.boot.test.autoconfigure.actuate.observability.ObservabilityContextCustomizerFactory$DisableObservabilityContextCustomizer@1f, org.springframework.boot.test.autoconfigure.properties.PropertyMappingContextCustomizer@0, org.springframework.boot.test.autoconfigure.web.servlet.WebDriverContextCustomizer@7507a5bc], contextLoader = org.springframework.test.context.support.DelegatingSmartContextLoader, parent = null]
          at org.springframework.test.context.cache.DefaultCacheAwareContextLoaderDelegate.loadContext(DefaultCacheAwareContextLoaderDelegate.java:180)
          at org.springframework.test.context.support.DefaultTestContext.getApplicationContext(DefaultTestContext.java:130)
          at java.util.stream.ReferencePipeline$3$1.accept(ReferencePipeline.java:197)
          at java.util.ArrayList$ArrayListSpliterator.forEachRemaining(ArrayList.java:1625)
          at java.util.stream.AbstractPipeline.copyInto(AbstractPipeline.java:509)
          at java.util.stream.AbstractPipeline.wrapAndCopyInto(AbstractPipeline.java:499)
          at java.util.stream.ReduceOps$ReduceOp.evaluateSequential(ReduceOps.java:921)
          at java.util.stream.AbstractPipeline.evaluate(AbstractPipeline.java:234)
          at java.util.stream.ReferencePipeline.collect(ReferencePipeline.java:682)
      org.springframework.beans.factory.BeanCreationException: Error creating bean with name 'databaseConnector': Invocation of init method failed
          at org.springframework.beans.factory.annotation.InitDestroyAnnotationBeanPostProcessor.postProcessBeforeInitialization(InitDestroyAnnotationBeanPostProcessor.java:222)
          at org.springframework.beans.factory.support.AbstractAutowireCapableBeanFactory.applyBeanPostProcessorsBeforeInitialization(AbstractAutowireCapableBeanFactory.java:422)
          at org.springframework.beans.factory.support.AbstractAutowireCapableBeanFactory.initializeBean(AbstractAutowireCapableBeanFactory.java:1798)
          at org.springframework.beans.factory.support.AbstractAutowireCapableBeanFactory.doCreateBean(AbstractAutowireCapableBeanFactory.java:600)
          at org.springframework.beans.factory.support.AbstractAutowireCapableBeanFactory.createBean(AbstractAutowireCapableBeanFactory.java:522)
          at org.springframework.beans.factory.support.AbstractBeanFactory.lambda$doGetBean$0(AbstractBeanFactory.java:337)
          at org.springframework.beans.factory.support.DefaultSingletonBeanRegistry.getSingleton(DefaultSingletonBeanRegistry.java:234)
          at org.springframework.beans.factory.support.AbstractBeanFactory.doGetBean(AbstractBeanFactory.java:335)
          at org.springframework.beans.factory.support.AbstractBeanFactory.getBean(AbstractBeanFactory.java:200)
          at org.springframework.beans.factory.support.DefaultListableBeanFactory.preInstantiateSingletons(DefaultListableBeanFactory.java:975)
          at org.springframework.context.support.AbstractApplicationContext.finishBeanFactoryInitialization(AbstractApplicationContext.java:971)
          at org.springframework.context.support.AbstractApplicationContext.refresh(AbstractApplicationContext.java:625)
          at org.springframework.test.context.support.AbstractGenericContextLoader.loadContext(AbstractGenericContextLoader.java:221)
          at org.springframework.test.context.support.AbstractGenericContextLoader.loadContext(AbstractGenericContextLoader.java:110)
          at org.springframework.test.context.support.AbstractDelegatingSmartContextLoader.loadContext(AbstractDelegatingSmartContextLoader.java:212)
          at org.springframework.test.context.cache.DefaultCacheAwareContextLoaderDelegate.loadContextInternal(DefaultCacheAwareContextLoaderDelegate.java:225)
          at org.springframework.test.context.cache.DefaultCacheAwareContextLoaderDelegate.loadContext(DefaultCacheAwareContextLoaderDelegate.java:152)
          at org.springframework.test.context.support.DefaultTestContext.getApplicationContext(DefaultTestContext.java:130)
          at java.util.stream.ReferencePipeline$3$1.accept(ReferencePipeline.java:197)
          at java.util.ArrayList$ArrayListSpliterator.forEachRemaining(ArrayList.java:1625)
          at java.util.stream.AbstractPipeline.copyInto(AbstractPipeline.java:509)
          at java.util.stream.AbstractPipeline.wrapAndCopyInto(AbstractPipeline.java:499)
          at java.util.stream.ReduceOps$ReduceOp.evaluateSequential(ReduceOps.java:921)
          at java.util.stream.AbstractPipeline.evaluate(AbstractPipeline.java:234)
          at java.util.stream.ReferencePipeline.collect(ReferencePipeline.java:682)
      java.lang.NullPointerException: Cannot invoke "org.springframework.core.io.Resource.getContentAsString(java.nio.charset.Charset)" because the return value of "net.finmath.smartcontract.valuation.service.utils.ResourceGovernor.getDatabasePropertiesAsResourceInReadMode()" is null
          at net.finmath.smartcontract.valuation.marketdata.database.DatabaseConnector.init(DatabaseConnector.java:52)
          at org.springframework.beans.factory.annotation.InitDestroyAnnotationBeanPostProcessor$LifecycleMethod.invoke(InitDestroyAnnotationBeanPostProcessor.java:457)
          at org.springframework.beans.factory.annotation.InitDestroyAnnotationBeanPostProcessor$LifecycleMetadata.invokeInitMethods(InitDestroyAnnotationBeanPostProcessor.java:401)
          at org.springframework.beans.factory.annotation.InitDestroyAnnotationBeanPostProcessor.postProcessBeforeInitialization(InitDestroyAnnotationBeanPostProcessor.java:219)
          at org.springframework.beans.factory.support.AbstractAutowireCapableBeanFactory.applyBeanPostProcessorsBeforeInitialization(AbstractAutowireCapableBeanFactory.java:422)
          at org.springframework.beans.factory.support.AbstractAutowireCapableBeanFactory.initializeBean(AbstractAutowireCapableBeanFactory.java:1798)
          at org.springframework.beans.factory.support.AbstractAutowireCapableBeanFactory.doCreateBean(AbstractAutowireCapableBeanFactory.java:600)
          at org.springframework.beans.factory.support.AbstractAutowireCapableBeanFactory.createBean(AbstractAutowireCapableBeanFactory.java:522)
          at org.springframework.beans.factory.support.AbstractBeanFactory.lambda$doGetBean$0(AbstractBeanFactory.java:337)
          at org.springframework.beans.factory.support.DefaultSingletonBeanRegistry.getSingleton(DefaultSingletonBeanRegistry.java:234)
          at org.springframework.beans.factory.support.AbstractBeanFactory.doGetBean(AbstractBeanFactory.java:335)
          at org.springframework.beans.factory.support.AbstractBeanFactory.getBean(AbstractBeanFactory.java:200)
          at org.springframework.beans.factory.support.DefaultListableBeanFactory.preInstantiateSingletons(DefaultListableBeanFactory.java:975)
          at org.springframework.context.support.AbstractApplicationContext.finishBeanFactoryInitialization(AbstractApplicationContext.java:971)
          at org.springframework.context.support.AbstractApplicationContext.refresh(AbstractApplicationContext.java:625)
          at org.springframework.test.context.support.AbstractGenericContextLoader.loadContext(AbstractGenericContextLoader.java:221)
          at org.springframework.test.context.support.AbstractGenericContextLoader.loadContext(AbstractGenericContextLoader.java:110)
          at org.springframework.test.context.support.AbstractDelegatingSmartContextLoader.loadContext(AbstractDelegatingSmartContextLoader.java:212)
          at org.springframework.test.context.cache.DefaultCacheAwareContextLoaderDelegate.loadContextInternal(DefaultCacheAwareContextLoaderDelegate.java:225)
          at org.springframework.test.context.cache.DefaultCacheAwareContextLoaderDelegate.loadContext(DefaultCacheAwareContextLoaderDelegate.java:152)
          at org.springframework.test.context.support.DefaultTestContext.getApplicationContext(DefaultTestContext.java:130)
          at java.util.stream.ReferencePipeline$3$1.accept(ReferencePipeline.java:197)
          at java.util.ArrayList$ArrayListSpliterator.forEachRemaining(ArrayList.java:1625)
          at java.util.stream.AbstractPipeline.copyInto(AbstractPipeline.java:509)
          at java.util.stream.AbstractPipeline.wrapAndCopyInto(AbstractPipeline.java:499)
          at java.util.stream.ReduceOps$ReduceOp.evaluateSequential(ReduceOps.java:921)
          at java.util.stream.AbstractPipeline.evaluate(AbstractPipeline.java:234)
          at java.util.stream.ReferencePipeline.collect(ReferencePipeline.java:682)
      when running class:
      package net.finmath.smartcontract.valuation.marketdata.database;
      @org.springframework.test.context.ContextConfiguration(classes = {net.finmath.smartcontract.valuation.marketdata.database.DatabaseConnector.class})
      @org.junit.runner.RunWith(value = org.springframework.test.context.junit4.SpringRunner.class) // if JUnit 4
      @org.junit.jupiter.api.extension.ExtendWith(value = org.springframework.test.context.junit.jupiter.SpringExtension.class) // if JUnit 5
      public class DiffblueFakeClass11173 {
        @org.springframework.beans.factory.annotation.Autowired net.finmath.smartcontract.valuation.marketdata.database.DatabaseConnector databaseConnector;
        @org.springframework.boot.test.mock.mockito.MockBean net.finmath.smartcontract.valuation.service.utils.ResourceGovernor resourceGovernor;
        @org.junit.Test // if JUnit 4
        @org.junit.jupiter.api.Test // if JUnit 5
        public void testSpringContextLoads() {}
      }
      To avoid this error, consider adding a custom base class to setup static
      mocking for jdk.internal.reflect.NativeMethodAccessorImpl.
      For details on how to set up a custom base class, please follow this link:
      https://docs.diffblue.com/features/cover-cli/writing-tests/custom-test-setup
      See https://diff.blue/R026 to resolve this issue.
      
INFO  
INFO  R026: Failed to create Spring context
      Attempt to initialize test context failed with
      java.lang.IllegalStateException: Failed to load ApplicationContext for [MergedContextConfiguration@3688d70f testClass = net.finmath.smartcontract.valuation.marketdata.generators.DiffblueFakeClass12564, locations = [], classes = [net.finmath.smartcontract.valuation.marketdata.generators.MarketDataGeneratorRandomFeed, java.time.Period, java.lang.String], contextInitializerClasses = [], activeProfiles = [], propertySourceDescriptors = [], propertySourceProperties = [], contextCustomizers = [org.springframework.boot.test.context.filter.ExcludeFilterContextCustomizer@2bd2fbf7, org.springframework.boot.test.json.DuplicateJsonObjectContextCustomizerFactory$DuplicateJsonObjectContextCustomizer@2d11135a, org.springframework.boot.test.mock.mockito.MockitoContextCustomizer@ee800944, org.springframework.boot.test.web.reactor.netty.DisableReactorResourceFactoryGlobalResourcesContextCustomizerFactory$DisableReactorResourceFactoryGlobalResourcesContextCustomizerCustomizer@54294cf5, org.springframework.boot.test.autoconfigure.actuate.observability.ObservabilityContextCustomizerFactory$DisableObservabilityContextCustomizer@1f, org.springframework.boot.test.autoconfigure.properties.PropertyMappingContextCustomizer@0, org.springframework.boot.test.autoconfigure.web.servlet.WebDriverContextCustomizer@7507a5bc], contextLoader = org.springframework.test.context.support.DelegatingSmartContextLoader, parent = null]
          at org.springframework.test.context.cache.DefaultCacheAwareContextLoaderDelegate.loadContext(DefaultCacheAwareContextLoaderDelegate.java:180)
          at org.springframework.test.context.support.DefaultTestContext.getApplicationContext(DefaultTestContext.java:130)
          at java.util.stream.ReferencePipeline$3$1.accept(ReferencePipeline.java:197)
          at java.util.ArrayList$ArrayListSpliterator.forEachRemaining(ArrayList.java:1625)
          at java.util.stream.AbstractPipeline.copyInto(AbstractPipeline.java:509)
          at java.util.stream.AbstractPipeline.wrapAndCopyInto(AbstractPipeline.java:499)
          at java.util.stream.ReduceOps$ReduceOp.evaluateSequential(ReduceOps.java:921)
          at java.util.stream.AbstractPipeline.evaluate(AbstractPipeline.java:234)
          at java.util.stream.ReferencePipeline.collect(ReferencePipeline.java:682)
      org.mockito.exceptions.base.MockitoException: 
      Cannot mock/spy int
      Mockito cannot mock/spy because :
       - primitive type
          at org.springframework.boot.test.mock.mockito.MockDefinition.createMock(MockDefinition.java:158)
          at org.springframework.boot.test.mock.mockito.MockitoPostProcessor.registerMock(MockitoPostProcessor.java:185)
          at org.springframework.boot.test.mock.mockito.MockitoPostProcessor.register(MockitoPostProcessor.java:167)
          at org.springframework.boot.test.mock.mockito.MockitoPostProcessor.postProcessBeanFactory(MockitoPostProcessor.java:141)
          at org.springframework.boot.test.mock.mockito.MockitoPostProcessor.postProcessBeanFactory(MockitoPostProcessor.java:129)
          at org.springframework.context.support.PostProcessorRegistrationDelegate.invokeBeanFactoryPostProcessors(PostProcessorRegistrationDelegate.java:363)
          at org.springframework.context.support.PostProcessorRegistrationDelegate.invokeBeanFactoryPostProcessors(PostProcessorRegistrationDelegate.java:197)
          at org.springframework.context.support.AbstractApplicationContext.invokeBeanFactoryPostProcessors(AbstractApplicationContext.java:789)
          at org.springframework.context.support.AbstractApplicationContext.refresh(AbstractApplicationContext.java:607)
          at org.springframework.test.context.support.AbstractGenericContextLoader.loadContext(AbstractGenericContextLoader.java:221)
          at org.springframework.test.context.support.AbstractGenericContextLoader.loadContext(AbstractGenericContextLoader.java:110)
          at org.springframework.test.context.support.AbstractDelegatingSmartContextLoader.loadContext(AbstractDelegatingSmartContextLoader.java:212)
          at org.springframework.test.context.cache.DefaultCacheAwareContextLoaderDelegate.loadContextInternal(DefaultCacheAwareContextLoaderDelegate.java:225)
          at org.springframework.test.context.cache.DefaultCacheAwareContextLoaderDelegate.loadContext(DefaultCacheAwareContextLoaderDelegate.java:152)
          at org.springframework.test.context.support.DefaultTestContext.getApplicationContext(DefaultTestContext.java:130)
          at java.util.stream.ReferencePipeline$3$1.accept(ReferencePipeline.java:197)
          at java.util.ArrayList$ArrayListSpliterator.forEachRemaining(ArrayList.java:1625)
          at java.util.stream.AbstractPipeline.copyInto(AbstractPipeline.java:509)
          at java.util.stream.AbstractPipeline.wrapAndCopyInto(AbstractPipeline.java:499)
          at java.util.stream.ReduceOps$ReduceOp.evaluateSequential(ReduceOps.java:921)
          at java.util.stream.AbstractPipeline.evaluate(AbstractPipeline.java:234)
          at java.util.stream.ReferencePipeline.collect(ReferencePipeline.java:682)
      when running class:
      package net.finmath.smartcontract.valuation.marketdata.generators;
      @org.springframework.test.context.ContextConfiguration(classes = {net.finmath.smartcontract.valuation.marketdata.generators.MarketDataGeneratorRandomFeed.class,java.time.Period.class,java.lang.String.class})
      @org.junit.runner.RunWith(value = org.springframework.test.context.junit4.SpringRunner.class) // if JUnit 4
      @org.junit.jupiter.api.extension.ExtendWith(value = org.springframework.test.context.junit.jupiter.SpringExtension.class) // if JUnit 5
      public class DiffblueFakeClass12564 {
        @org.springframework.boot.test.mock.mockito.MockBean int anInt;
        @org.springframework.beans.factory.annotation.Autowired java.util.List list;
        @org.springframework.beans.factory.annotation.Autowired net.finmath.smartcontract.valuation.marketdata.generators.MarketDataGeneratorRandomFeed marketDataGeneratorRandomFeed;
        @org.springframework.boot.test.mock.mockito.MockBean net.finmath.smartcontract.valuation.marketdata.curvecalibration.CalibrationDataItem.Spec spec;
        @org.junit.Test // if JUnit 4
        @org.junit.jupiter.api.Test // if JUnit 5
        public void testSpringContextLoads() {}
      }
      To avoid this error, consider adding a custom base class to setup static
      mocking for org.springframework.boot.test.mock.mockito.MockitoPostProcessor.
      For details on how to set up a custom base class, please follow this link:
      https://docs.diffblue.com/features/cover-cli/writing-tests/custom-test-setup
      See https://diff.blue/R026 to resolve this issue.
      
INFO  Affected methods:
      net.finmath.smartcontract.valuation.marketdata.generators.MarketDataGeneratorRandomFeed.<init>:(Ljava/time/Period;Ljava/lang/String;Ljava/util/List;)V
      
INFO  To resolve the issue, use the following prompt with your AI assistant:
      
      Fix the following issue preventing test creation for:
      net.finmath.smartcontract.valuation.marketdata.generators.MarketDataGeneratorRandomFeed.<init>:(Ljava/time/Period;Ljava/lang/String;Ljava/util/List;)V
      
      Attempt to initialize test context failed with
      java.lang.IllegalStateException: Failed to load ApplicationContext for [MergedContextConfiguration@3688d70f testClass = net.finmath.smartcontract.valuation.marketdata.generators.DiffblueFakeClass12564, locations = [], classes = [net.finmath.smartcontract.valuation.marketdata.generators.MarketDataGeneratorRandomFeed, java.time.Period, java.lang.String], contextInitializerClasses = [], activeProfiles = [], propertySourceDescriptors = [], propertySourceProperties = [], contextCustomizers = [org.springframework.boot.test.context.filter.ExcludeFilterContextCustomizer@2bd2fbf7, org.springframework.boot.test.json.DuplicateJsonObjectContextCustomizerFactory$DuplicateJsonObjectContextCustomizer@2d11135a, org.springframework.boot.test.mock.mockito.MockitoContextCustomizer@ee800944, org.springframework.boot.test.web.reactor.netty.DisableReactorResourceFactoryGlobalResourcesContextCustomizerFactory$DisableReactorResourceFactoryGlobalResourcesContextCustomizerCustomizer@54294cf5, org.springframework.boot.test.autoconfigure.actuate.observability.ObservabilityContextCustomizerFactory$DisableObservabilityContextCustomizer@1f, org.springframework.boot.test.autoconfigure.properties.PropertyMappingContextCustomizer@0, org.springframework.boot.test.autoconfigure.web.servlet.WebDriverContextCustomizer@7507a5bc], contextLoader = org.springframework.test.context.support.DelegatingSmartContextLoader, parent = null]
          at org.springframework.test.context.cache.DefaultCacheAwareContextLoaderDelegate.loadContext(DefaultCacheAwareContextLoaderDelegate.java:180)
          at org.springframework.test.context.support.DefaultTestContext.getApplicationContext(DefaultTestContext.java:130)
          at java.util.stream.ReferencePipeline$3$1.accept(ReferencePipeline.java:197)
          at java.util.ArrayList$ArrayListSpliterator.forEachRemaining(ArrayList.java:1625)
          at java.util.stream.AbstractPipeline.copyInto(AbstractPipeline.java:509)
          at java.util.stream.AbstractPipeline.wrapAndCopyInto(AbstractPipeline.java:499)
          at java.util.stream.ReduceOps$ReduceOp.evaluateSequential(ReduceOps.java:921)
          at java.util.stream.AbstractPipeline.evaluate(AbstractPipeline.java:234)
          at java.util.stream.ReferencePipeline.collect(ReferencePipeline.java:682)
      org.mockito.exceptions.base.MockitoException: 
      Cannot mock/spy int
      Mockito cannot mock/spy because :
       - primitive type
          at org.springframework.boot.test.mock.mockito.MockDefinition.createMock(MockDefinition.java:158)
          at org.springframework.boot.test.mock.mockito.MockitoPostProcessor.registerMock(MockitoPostProcessor.java:185)
          at org.springframework.boot.test.mock.mockito.MockitoPostProcessor.register(MockitoPostProcessor.java:167)
          at org.springframework.boot.test.mock.mockito.MockitoPostProcessor.postProcessBeanFactory(MockitoPostProcessor.java:141)
          at org.springframework.boot.test.mock.mockito.MockitoPostProcessor.postProcessBeanFactory(MockitoPostProcessor.java:129)
          at org.springframework.context.support.PostProcessorRegistrationDelegate.invokeBeanFactoryPostProcessors(PostProcessorRegistrationDelegate.java:363)
          at org.springframework.context.support.PostProcessorRegistrationDelegate.invokeBeanFactoryPostProcessors(PostProcessorRegistrationDelegate.java:197)
          at org.springframework.context.support.AbstractApplicationContext.invokeBeanFactoryPostProcessors(AbstractApplicationContext.java:789)
          at org.springframework.context.support.AbstractApplicationContext.refresh(AbstractApplicationContext.java:607)
          at org.springframework.test.context.support.AbstractGenericContextLoader.loadContext(AbstractGenericContextLoader.java:221)
          at org.springframework.test.context.support.AbstractGenericContextLoader.loadContext(AbstractGenericContextLoader.java:110)
          at org.springframework.test.context.support.AbstractDelegatingSmartContextLoader.loadContext(AbstractDelegatingSmartContextLoader.java:212)
          at org.springframework.test.context.cache.DefaultCacheAwareContextLoaderDelegate.loadContextInternal(DefaultCacheAwareContextLoaderDelegate.java:225)
          at org.springframework.test.context.cache.DefaultCacheAwareContextLoaderDelegate.loadContext(DefaultCacheAwareContextLoaderDelegate.java:152)
          at org.springframework.test.context.support.DefaultTestContext.getApplicationContext(DefaultTestContext.java:130)
          at java.util.stream.ReferencePipeline$3$1.accept(ReferencePipeline.java:197)
          at java.util.ArrayList$ArrayListSpliterator.forEachRemaining(ArrayList.java:1625)
          at java.util.stream.AbstractPipeline.copyInto(AbstractPipeline.java:509)
          at java.util.stream.AbstractPipeline.wrapAndCopyInto(AbstractPipeline.java:499)
          at java.util.stream.ReduceOps$ReduceOp.evaluateSequential(ReduceOps.java:921)
          at java.util.stream.AbstractPipeline.evaluate(AbstractPipeline.java:234)
          at java.util.stream.ReferencePipeline.collect(ReferencePipeline.java:682)
      when running class:
      package net.finmath.smartcontract.valuation.marketdata.generators;
      @org.springframework.test.context.ContextConfiguration(classes = {net.finmath.smartcontract.valuation.marketdata.generators.MarketDataGeneratorRandomFeed.class,java.time.Period.class,java.lang.String.class})
      @org.junit.runner.RunWith(value = org.springframework.test.context.junit4.SpringRunner.class) // if JUnit 4
      @org.junit.jupiter.api.extension.ExtendWith(value = org.springframework.test.context.junit.jupiter.SpringExtension.class) // if JUnit 5
      public class DiffblueFakeClass12564 {
        @org.springframework.boot.test.mock.mockito.MockBean int anInt;
        @org.springframework.beans.factory.annotation.Autowired java.util.List list;
        @org.springframework.beans.factory.annotation.Autowired net.finmath.smartcontract.valuation.marketdata.generators.MarketDataGeneratorRandomFeed marketDataGeneratorRandomFeed;
        @org.springframework.boot.test.mock.mockito.MockBean net.finmath.smartcontract.valuation.marketdata.curvecalibration.CalibrationDataItem.Spec spec;
        @org.junit.Test // if JUnit 4
        @org.junit.jupiter.api.Test // if JUnit 5
        public void testSpringContextLoads() {}
      }
      To avoid this error, consider adding a custom base class to setup static
      mocking for org.springframework.boot.test.mock.mockito.MockitoPostProcessor.
      For details on how to set up a custom base class, please follow this link:
      https://docs.diffblue.com/features/cover-cli/writing-tests/custom-test-setup
      See https://diff.blue/R026 to resolve this issue.
      
INFO  
INFO  R026: Failed to create Spring context
      Attempt to initialize test context failed with
      java.lang.IllegalStateException: ApplicationContext failure threshold (1) exceeded: skipping repeated attempt to load context for [MergedContextConfiguration@4661956c testClass = net.finmath.smartcontract.valuation.marketdata.generators.DiffblueFakeClass12576, locations = [], classes = [net.finmath.smartcontract.valuation.marketdata.generators.MarketDataGeneratorRandomFeed, java.time.Period, java.lang.String], contextInitializerClasses = [], activeProfiles = [], propertySourceDescriptors = [], propertySourceProperties = [], contextCustomizers = [org.springframework.boot.test.context.filter.ExcludeFilterContextCustomizer@2bd2fbf7, org.springframework.boot.test.json.DuplicateJsonObjectContextCustomizerFactory$DuplicateJsonObjectContextCustomizer@2d11135a, org.springframework.boot.test.mock.mockito.MockitoContextCustomizer@92e92fb2, org.springframework.boot.test.web.reactor.netty.DisableReactorResourceFactoryGlobalResourcesContextCustomizerFactory$DisableReactorResourceFactoryGlobalResourcesContextCustomizerCustomizer@54294cf5, org.springframework.boot.test.autoconfigure.actuate.observability.ObservabilityContextCustomizerFactory$DisableObservabilityContextCustomizer@1f, org.springframework.boot.test.autoconfigure.properties.PropertyMappingContextCustomizer@0, org.springframework.boot.test.autoconfigure.web.servlet.WebDriverContextCustomizer@7507a5bc], contextLoader = org.springframework.test.context.support.DelegatingSmartContextLoader, parent = null]
          at org.springframework.test.context.cache.DefaultCacheAwareContextLoaderDelegate.loadContext(DefaultCacheAwareContextLoaderDelegate.java:145)
          at org.springframework.test.context.support.DefaultTestContext.getApplicationContext(DefaultTestContext.java:130)
          at java.util.stream.ReferencePipeline$3$1.accept(ReferencePipeline.java:197)
          at java.util.ArrayList$ArrayListSpliterator.forEachRemaining(ArrayList.java:1625)
          at java.util.stream.AbstractPipeline.copyInto(AbstractPipeline.java:509)
          at java.util.stream.AbstractPipeline.wrapAndCopyInto(AbstractPipeline.java:499)
          at java.util.stream.ReduceOps$ReduceOp.evaluateSequential(ReduceOps.java:921)
          at java.util.stream.AbstractPipeline.evaluate(AbstractPipeline.java:234)
          at java.util.stream.ReferencePipeline.collect(ReferencePipeline.java:682)
      when running class:
      package net.finmath.smartcontract.valuation.marketdata.generators;
      @org.springframework.test.context.ContextConfiguration(classes = {net.finmath.smartcontract.valuation.marketdata.generators.MarketDataGeneratorRandomFeed.class,java.time.Period.class,java.lang.String.class})
      @org.junit.runner.RunWith(value = org.springframework.test.context.junit4.SpringRunner.class) // if JUnit 4
      @org.junit.jupiter.api.extension.ExtendWith(value = org.springframework.test.context.junit.jupiter.SpringExtension.class) // if JUnit 5
      public class DiffblueFakeClass12576 {
        @org.springframework.beans.factory.annotation.Autowired java.util.List list;
        @org.springframework.beans.factory.annotation.Autowired net.finmath.smartcontract.valuation.marketdata.generators.MarketDataGeneratorRandomFeed marketDataGeneratorRandomFeed;
        @org.springframework.boot.test.mock.mockito.MockBean net.finmath.smartcontract.valuation.marketdata.curvecalibration.CalibrationDataItem.Spec spec;
        @org.junit.Test // if JUnit 4
        @org.junit.jupiter.api.Test // if JUnit 5
        public void testSpringContextLoads() {}
      }
      To avoid this error, consider adding a custom base class to setup static
      mocking for org.springframework.test.context.cache.DefaultCacheAwareContextLoaderDelegate.
      For details on how to set up a custom base class, please follow this link:
      https://docs.diffblue.com/features/cover-cli/writing-tests/custom-test-setup
      See https://diff.blue/R026 to resolve this issue.
      
INFO  Affected methods:
      net.finmath.smartcontract.valuation.marketdata.generators.MarketDataGeneratorRandomFeed.asObservable:()Lio/reactivex/rxjava3/core/Observable;
      
INFO  To resolve the issue, use the following prompt with your AI assistant:
      
      Fix the following issue preventing test creation for:
      net.finmath.smartcontract.valuation.marketdata.generators.MarketDataGeneratorRandomFeed.asObservable:()Lio/reactivex/rxjava3/core/Observable;
      
      Attempt to initialize test context failed with
      java.lang.IllegalStateException: ApplicationContext failure threshold (1) exceeded: skipping repeated attempt to load context for [MergedContextConfiguration@4661956c testClass = net.finmath.smartcontract.valuation.marketdata.generators.DiffblueFakeClass12576, locations = [], classes = [net.finmath.smartcontract.valuation.marketdata.generators.MarketDataGeneratorRandomFeed, java.time.Period, java.lang.String], contextInitializerClasses = [], activeProfiles = [], propertySourceDescriptors = [], propertySourceProperties = [], contextCustomizers = [org.springframework.boot.test.context.filter.ExcludeFilterContextCustomizer@2bd2fbf7, org.springframework.boot.test.json.DuplicateJsonObjectContextCustomizerFactory$DuplicateJsonObjectContextCustomizer@2d11135a, org.springframework.boot.test.mock.mockito.MockitoContextCustomizer@92e92fb2, org.springframework.boot.test.web.reactor.netty.DisableReactorResourceFactoryGlobalResourcesContextCustomizerFactory$DisableReactorResourceFactoryGlobalResourcesContextCustomizerCustomizer@54294cf5, org.springframework.boot.test.autoconfigure.actuate.observability.ObservabilityContextCustomizerFactory$DisableObservabilityContextCustomizer@1f, org.springframework.boot.test.autoconfigure.properties.PropertyMappingContextCustomizer@0, org.springframework.boot.test.autoconfigure.web.servlet.WebDriverContextCustomizer@7507a5bc], contextLoader = org.springframework.test.context.support.DelegatingSmartContextLoader, parent = null]
          at org.springframework.test.context.cache.DefaultCacheAwareContextLoaderDelegate.loadContext(DefaultCacheAwareContextLoaderDelegate.java:145)
          at org.springframework.test.context.support.DefaultTestContext.getApplicationContext(DefaultTestContext.java:130)
          at java.util.stream.ReferencePipeline$3$1.accept(ReferencePipeline.java:197)
          at java.util.ArrayList$ArrayListSpliterator.forEachRemaining(ArrayList.java:1625)
          at java.util.stream.AbstractPipeline.copyInto(AbstractPipeline.java:509)
          at java.util.stream.AbstractPipeline.wrapAndCopyInto(AbstractPipeline.java:499)
          at java.util.stream.ReduceOps$ReduceOp.evaluateSequential(ReduceOps.java:921)
          at java.util.stream.AbstractPipeline.evaluate(AbstractPipeline.java:234)
          at java.util.stream.ReferencePipeline.collect(ReferencePipeline.java:682)
      when running class:
      package net.finmath.smartcontract.valuation.marketdata.generators;
      @org.springframework.test.context.ContextConfiguration(classes = {net.finmath.smartcontract.valuation.marketdata.generators.MarketDataGeneratorRandomFeed.class,java.time.Period.class,java.lang.String.class})
      @org.junit.runner.RunWith(value = org.springframework.test.context.junit4.SpringRunner.class) // if JUnit 4
      @org.junit.jupiter.api.extension.ExtendWith(value = org.springframework.test.context.junit.jupiter.SpringExtension.class) // if JUnit 5
      public class DiffblueFakeClass12576 {
        @org.springframework.beans.factory.annotation.Autowired java.util.List list;
        @org.springframework.beans.factory.annotation.Autowired net.finmath.smartcontract.valuation.marketdata.generators.MarketDataGeneratorRandomFeed marketDataGeneratorRandomFeed;
        @org.springframework.boot.test.mock.mockito.MockBean net.finmath.smartcontract.valuation.marketdata.curvecalibration.CalibrationDataItem.Spec spec;
        @org.junit.Test // if JUnit 4
        @org.junit.jupiter.api.Test // if JUnit 5
        public void testSpringContextLoads() {}
      }
      To avoid this error, consider adding a custom base class to setup static
      mocking for org.springframework.test.context.cache.DefaultCacheAwareContextLoaderDelegate.
      For details on how to set up a custom base class, please follow this link:
      https://docs.diffblue.com/features/cover-cli/writing-tests/custom-test-setup
      See https://diff.blue/R026 to resolve this issue.
      
INFO  
INFO  R081: Exception in arrange section
      Diffblue Cover was unable to construct an instance of the class under test using
      net.finmath.smartcontract.valuation.marketdata.generators.WebSocketConnector.getAuthJson().
      The arrange section threw
      com.diffblue.cover.sandbox.execution.ForbiddenByPolicyException: Sandboxing policy violation
      More information about the exception is provided in the support log.
      See https://diff.blue/R081 for further troubleshooting of this issue.
      
INFO  Affected methods:
      net.finmath.smartcontract.valuation.marketdata.generators.WebSocketConnector.getAuthJson:()Lorg/json/JSONObject;
      net.finmath.smartcontract.valuation.marketdata.generators.WebSocketConnector.getPosition:()Ljava/lang/String;
      
INFO  To resolve the issue, use the following prompt with your AI assistant:
      
      Fix the following issue preventing test creation for:
      net.finmath.smartcontract.valuation.marketdata.generators.WebSocketConnector.getAuthJson:()Lorg/json/JSONObject;
      net.finmath.smartcontract.valuation.marketdata.generators.WebSocketConnector.getPosition:()Ljava/lang/String;
      
      Diffblue Cover was unable to construct an instance of the class under test using
      net.finmath.smartcontract.valuation.marketdata.generators.WebSocketConnector.getAuthJson().
      The arrange section threw
      com.diffblue.cover.sandbox.execution.ForbiddenByPolicyException: Sandboxing policy violation
      More information about the exception is provided in the support log.
      See https://diff.blue/R081 for further troubleshooting of this issue.
      
INFO  
INFO  R027: Missing beans when creating Spring context
      Failed to create Spring context due to missing beans
      in the current Spring profile:
      - java.util.Properties
      when running class:
      package net.finmath.smartcontract.valuation.marketdata.generators;
      @org.springframework.test.context.ContextConfiguration(classes = {net.finmath.smartcontract.valuation.marketdata.generators.WebSocketConnector.class,java.util.Properties.class})
      @org.junit.runner.RunWith(value = org.springframework.test.context.junit4.SpringRunner.class) // if JUnit 4
      @org.junit.jupiter.api.extension.ExtendWith(value = org.springframework.test.context.junit.jupiter.SpringExtension.class) // if JUnit 5
      public class DiffblueFakeClass12968 {
        @org.springframework.beans.factory.annotation.Autowired net.finmath.smartcontract.valuation.marketdata.generators.WebSocketConnector webSocketConnector;
        @org.junit.Test // if JUnit 4
        @org.junit.jupiter.api.Test // if JUnit 5
        public void testSpringContextLoads() {}
      }
      See https://diff.blue/R027 to resolve this issue.
      
INFO  Affected methods:
      net.finmath.smartcontract.valuation.marketdata.generators.WebSocketConnector.<init>:(Ljava/util/Properties;)V
      
INFO  To resolve the issue, use the following prompt with your AI assistant:
      
      Fix the following issue preventing test creation for:
      net.finmath.smartcontract.valuation.marketdata.generators.WebSocketConnector.<init>:(Ljava/util/Properties;)V
      
      Failed to create Spring context due to missing beans
      in the current Spring profile:
      - java.util.Properties
      when running class:
      package net.finmath.smartcontract.valuation.marketdata.generators;
      @org.springframework.test.context.ContextConfiguration(classes = {net.finmath.smartcontract.valuation.marketdata.generators.WebSocketConnector.class,java.util.Properties.class})
      @org.junit.runner.RunWith(value = org.springframework.test.context.junit4.SpringRunner.class) // if JUnit 4
      @org.junit.jupiter.api.extension.ExtendWith(value = org.springframework.test.context.junit.jupiter.SpringExtension.class) // if JUnit 5
      public class DiffblueFakeClass12968 {
        @org.springframework.beans.factory.annotation.Autowired net.finmath.smartcontract.valuation.marketdata.generators.WebSocketConnector webSocketConnector;
        @org.junit.Test // if JUnit 4
        @org.junit.jupiter.api.Test // if JUnit 5
        public void testSpringContextLoads() {}
      }
      See https://diff.blue/R027 to resolve this issue.
      
INFO  
INFO  R026: Failed to create Spring context
      Attempt to initialize test context failed with
      java.lang.IllegalStateException: ApplicationContext failure threshold (1) exceeded: skipping repeated attempt to load context for [MergedContextConfiguration@50e1481 testClass = net.finmath.smartcontract.valuation.marketdata.generators.DiffblueFakeClass13028, locations = [], classes = [net.finmath.smartcontract.valuation.marketdata.generators.WebSocketConnector, java.util.Properties], contextInitializerClasses = [], activeProfiles = [], propertySourceDescriptors = [], propertySourceProperties = [], contextCustomizers = [org.springframework.boot.test.context.filter.ExcludeFilterContextCustomizer@2bd2fbf7, org.springframework.boot.test.json.DuplicateJsonObjectContextCustomizerFactory$DuplicateJsonObjectContextCustomizer@2d11135a, org.springframework.boot.test.mock.mockito.MockitoContextCustomizer@0, org.springframework.boot.test.web.reactor.netty.DisableReactorResourceFactoryGlobalResourcesContextCustomizerFactory$DisableReactorResourceFactoryGlobalResourcesContextCustomizerCustomizer@54294cf5, org.springframework.boot.test.autoconfigure.actuate.observability.ObservabilityContextCustomizerFactory$DisableObservabilityContextCustomizer@1f, org.springframework.boot.test.autoconfigure.properties.PropertyMappingContextCustomizer@0, org.springframework.boot.test.autoconfigure.web.servlet.WebDriverContextCustomizer@7507a5bc], contextLoader = org.springframework.test.context.support.DelegatingSmartContextLoader, parent = null]
          at org.springframework.test.context.cache.DefaultCacheAwareContextLoaderDelegate.loadContext(DefaultCacheAwareContextLoaderDelegate.java:145)
          at org.springframework.test.context.support.DefaultTestContext.getApplicationContext(DefaultTestContext.java:130)
          at java.util.stream.ReferencePipeline$3$1.accept(ReferencePipeline.java:197)
          at java.util.ArrayList$ArrayListSpliterator.forEachRemaining(ArrayList.java:1625)
          at java.util.stream.AbstractPipeline.copyInto(AbstractPipeline.java:509)
          at java.util.stream.AbstractPipeline.wrapAndCopyInto(AbstractPipeline.java:499)
          at java.util.stream.ReduceOps$ReduceOp.evaluateSequential(ReduceOps.java:921)
          at java.util.stream.AbstractPipeline.evaluate(AbstractPipeline.java:234)
          at java.util.stream.ReferencePipeline.collect(ReferencePipeline.java:682)
      when running class:
      package net.finmath.smartcontract.valuation.marketdata.generators;
      @org.springframework.test.context.ContextConfiguration(classes = {net.finmath.smartcontract.valuation.marketdata.generators.WebSocketConnector.class,java.util.Properties.class})
      @org.junit.runner.RunWith(value = org.springframework.test.context.junit4.SpringRunner.class) // if JUnit 4
      @org.junit.jupiter.api.extension.ExtendWith(value = org.springframework.test.context.junit.jupiter.SpringExtension.class) // if JUnit 5
      public class DiffblueFakeClass13028 {
        @org.springframework.beans.factory.annotation.Autowired net.finmath.smartcontract.valuation.marketdata.generators.WebSocketConnector webSocketConnector;
        @org.junit.Test // if JUnit 4
        @org.junit.jupiter.api.Test // if JUnit 5
        public void testSpringContextLoads() {}
      }
      To avoid this error, consider adding a custom base class to setup static
      mocking for org.springframework.test.context.cache.DefaultCacheAwareContextLoaderDelegate.
      For details on how to set up a custom base class, please follow this link:
      https://docs.diffblue.com/features/cover-cli/writing-tests/custom-test-setup
      See https://diff.blue/R026 to resolve this issue.
      
INFO  Affected methods:
      net.finmath.smartcontract.valuation.marketdata.generators.WebSocketConnector.getAuthenticationInfo:(Lorg/json/JSONObject;Ljava/lang/String;)Lorg/json/JSONObject;
      
INFO  To resolve the issue, use the following prompt with your AI assistant:
      
      Fix the following issue preventing test creation for:
      net.finmath.smartcontract.valuation.marketdata.generators.WebSocketConnector.getAuthenticationInfo:(Lorg/json/JSONObject;Ljava/lang/String;)Lorg/json/JSONObject;
      
      Attempt to initialize test context failed with
      java.lang.IllegalStateException: ApplicationContext failure threshold (1) exceeded: skipping repeated attempt to load context for [MergedContextConfiguration@50e1481 testClass = net.finmath.smartcontract.valuation.marketdata.generators.DiffblueFakeClass13028, locations = [], classes = [net.finmath.smartcontract.valuation.marketdata.generators.WebSocketConnector, java.util.Properties], contextInitializerClasses = [], activeProfiles = [], propertySourceDescriptors = [], propertySourceProperties = [], contextCustomizers = [org.springframework.boot.test.context.filter.ExcludeFilterContextCustomizer@2bd2fbf7, org.springframework.boot.test.json.DuplicateJsonObjectContextCustomizerFactory$DuplicateJsonObjectContextCustomizer@2d11135a, org.springframework.boot.test.mock.mockito.MockitoContextCustomizer@0, org.springframework.boot.test.web.reactor.netty.DisableReactorResourceFactoryGlobalResourcesContextCustomizerFactory$DisableReactorResourceFactoryGlobalResourcesContextCustomizerCustomizer@54294cf5, org.springframework.boot.test.autoconfigure.actuate.observability.ObservabilityContextCustomizerFactory$DisableObservabilityContextCustomizer@1f, org.springframework.boot.test.autoconfigure.properties.PropertyMappingContextCustomizer@0, org.springframework.boot.test.autoconfigure.web.servlet.WebDriverContextCustomizer@7507a5bc], contextLoader = org.springframework.test.context.support.DelegatingSmartContextLoader, parent = null]
          at org.springframework.test.context.cache.DefaultCacheAwareContextLoaderDelegate.loadContext(DefaultCacheAwareContextLoaderDelegate.java:145)
          at org.springframework.test.context.support.DefaultTestContext.getApplicationContext(DefaultTestContext.java:130)
          at java.util.stream.ReferencePipeline$3$1.accept(ReferencePipeline.java:197)
          at java.util.ArrayList$ArrayListSpliterator.forEachRemaining(ArrayList.java:1625)
          at java.util.stream.AbstractPipeline.copyInto(AbstractPipeline.java:509)
          at java.util.stream.AbstractPipeline.wrapAndCopyInto(AbstractPipeline.java:499)
          at java.util.stream.ReduceOps$ReduceOp.evaluateSequential(ReduceOps.java:921)
          at java.util.stream.AbstractPipeline.evaluate(AbstractPipeline.java:234)
          at java.util.stream.ReferencePipeline.collect(ReferencePipeline.java:682)
      when running class:
      package net.finmath.smartcontract.valuation.marketdata.generators;
      @org.springframework.test.context.ContextConfiguration(classes = {net.finmath.smartcontract.valuation.marketdata.generators.WebSocketConnector.class,java.util.Properties.class})
      @org.junit.runner.RunWith(value = org.springframework.test.context.junit4.SpringRunner.class) // if JUnit 4
      @org.junit.jupiter.api.extension.ExtendWith(value = org.springframework.test.context.junit.jupiter.SpringExtension.class) // if JUnit 5
      public class DiffblueFakeClass13028 {
        @org.springframework.beans.factory.annotation.Autowired net.finmath.smartcontract.valuation.marketdata.generators.WebSocketConnector webSocketConnector;
        @org.junit.Test // if JUnit 4
        @org.junit.jupiter.api.Test // if JUnit 5
        public void testSpringContextLoads() {}
      }
      To avoid this error, consider adding a custom base class to setup static
      mocking for org.springframework.test.context.cache.DefaultCacheAwareContextLoaderDelegate.
      For details on how to set up a custom base class, please follow this link:
      https://docs.diffblue.com/features/cover-cli/writing-tests/custom-test-setup
      See https://diff.blue/R026 to resolve this issue.
      
INFO  
INFO  R026: Failed to create Spring context
      Attempt to initialize test context failed with
      java.lang.IllegalStateException: ApplicationContext failure threshold (1) exceeded: skipping repeated attempt to load context for [MergedContextConfiguration@590525f0 testClass = net.finmath.smartcontract.valuation.marketdata.generators.DiffblueFakeClass13447, locations = [], classes = [net.finmath.smartcontract.valuation.marketdata.generators.WebSocketConnector, java.util.Properties], contextInitializerClasses = [], activeProfiles = [], propertySourceDescriptors = [], propertySourceProperties = [], contextCustomizers = [org.springframework.boot.test.context.filter.ExcludeFilterContextCustomizer@2bd2fbf7, org.springframework.boot.test.json.DuplicateJsonObjectContextCustomizerFactory$DuplicateJsonObjectContextCustomizer@2d11135a, org.springframework.boot.test.mock.mockito.MockitoContextCustomizer@0, org.springframework.boot.test.web.reactor.netty.DisableReactorResourceFactoryGlobalResourcesContextCustomizerFactory$DisableReactorResourceFactoryGlobalResourcesContextCustomizerCustomizer@54294cf5, org.springframework.boot.test.autoconfigure.actuate.observability.ObservabilityContextCustomizerFactory$DisableObservabilityContextCustomizer@1f, org.springframework.boot.test.autoconfigure.properties.PropertyMappingContextCustomizer@0, org.springframework.boot.test.autoconfigure.web.servlet.WebDriverContextCustomizer@7507a5bc], contextLoader = org.springframework.test.context.support.DelegatingSmartContextLoader, parent = null]
          at org.springframework.test.context.cache.DefaultCacheAwareContextLoaderDelegate.loadContext(DefaultCacheAwareContextLoaderDelegate.java:145)
          at org.springframework.test.context.support.DefaultTestContext.getApplicationContext(DefaultTestContext.java:130)
          at java.util.stream.ReferencePipeline$3$1.accept(ReferencePipeline.java:197)
          at java.util.ArrayList$ArrayListSpliterator.forEachRemaining(ArrayList.java:1625)
          at java.util.stream.AbstractPipeline.copyInto(AbstractPipeline.java:509)
          at java.util.stream.AbstractPipeline.wrapAndCopyInto(AbstractPipeline.java:499)
          at java.util.stream.ReduceOps$ReduceOp.evaluateSequential(ReduceOps.java:921)
          at java.util.stream.AbstractPipeline.evaluate(AbstractPipeline.java:234)
          at java.util.stream.ReferencePipeline.collect(ReferencePipeline.java:682)
      when running class:
      package net.finmath.smartcontract.valuation.marketdata.generators;
      @org.springframework.test.context.ContextConfiguration(classes = {net.finmath.smartcontract.valuation.marketdata.generators.WebSocketConnector.class,java.util.Properties.class})
      @org.junit.runner.RunWith(value = org.springframework.test.context.junit4.SpringRunner.class) // if JUnit 4
      @org.junit.jupiter.api.extension.ExtendWith(value = org.springframework.test.context.junit.jupiter.SpringExtension.class) // if JUnit 5
      public class DiffblueFakeClass13447 {
        @org.springframework.beans.factory.annotation.Autowired net.finmath.smartcontract.valuation.marketdata.generators.WebSocketConnector webSocketConnector;
        @org.junit.Test // if JUnit 4
        @org.junit.jupiter.api.Test // if JUnit 5
        public void testSpringContextLoads() {}
      }
      To avoid this error, consider adding a custom base class to setup static
      mocking for org.springframework.test.context.cache.DefaultCacheAwareContextLoaderDelegate.
      For details on how to set up a custom base class, please follow this link:
      https://docs.diffblue.com/features/cover-cli/writing-tests/custom-test-setup
      See https://diff.blue/R026 to resolve this issue.
      
INFO  Affected methods:
      net.finmath.smartcontract.valuation.marketdata.generators.WebSocketConnector.getWebSocket:()Lcom/neovisionaries/ws/client/WebSocket;
      
INFO  To resolve the issue, use the following prompt with your AI assistant:
      
      Fix the following issue preventing test creation for:
      net.finmath.smartcontract.valuation.marketdata.generators.WebSocketConnector.getWebSocket:()Lcom/neovisionaries/ws/client/WebSocket;
      
      Attempt to initialize test context failed with
      java.lang.IllegalStateException: ApplicationContext failure threshold (1) exceeded: skipping repeated attempt to load context for [MergedContextConfiguration@590525f0 testClass = net.finmath.smartcontract.valuation.marketdata.generators.DiffblueFakeClass13447, locations = [], classes = [net.finmath.smartcontract.valuation.marketdata.generators.WebSocketConnector, java.util.Properties], contextInitializerClasses = [], activeProfiles = [], propertySourceDescriptors = [], propertySourceProperties = [], contextCustomizers = [org.springframework.boot.test.context.filter.ExcludeFilterContextCustomizer@2bd2fbf7, org.springframework.boot.test.json.DuplicateJsonObjectContextCustomizerFactory$DuplicateJsonObjectContextCustomizer@2d11135a, org.springframework.boot.test.mock.mockito.MockitoContextCustomizer@0, org.springframework.boot.test.web.reactor.netty.DisableReactorResourceFactoryGlobalResourcesContextCustomizerFactory$DisableReactorResourceFactoryGlobalResourcesContextCustomizerCustomizer@54294cf5, org.springframework.boot.test.autoconfigure.actuate.observability.ObservabilityContextCustomizerFactory$DisableObservabilityContextCustomizer@1f, org.springframework.boot.test.autoconfigure.properties.PropertyMappingContextCustomizer@0, org.springframework.boot.test.autoconfigure.web.servlet.WebDriverContextCustomizer@7507a5bc], contextLoader = org.springframework.test.context.support.DelegatingSmartContextLoader, parent = null]
          at org.springframework.test.context.cache.DefaultCacheAwareContextLoaderDelegate.loadContext(DefaultCacheAwareContextLoaderDelegate.java:145)
          at org.springframework.test.context.support.DefaultTestContext.getApplicationContext(DefaultTestContext.java:130)
          at java.util.stream.ReferencePipeline$3$1.accept(ReferencePipeline.java:197)
          at java.util.ArrayList$ArrayListSpliterator.forEachRemaining(ArrayList.java:1625)
          at java.util.stream.AbstractPipeline.copyInto(AbstractPipeline.java:509)
          at java.util.stream.AbstractPipeline.wrapAndCopyInto(AbstractPipeline.java:499)
          at java.util.stream.ReduceOps$ReduceOp.evaluateSequential(ReduceOps.java:921)
          at java.util.stream.AbstractPipeline.evaluate(AbstractPipeline.java:234)
          at java.util.stream.ReferencePipeline.collect(ReferencePipeline.java:682)
      when running class:
      package net.finmath.smartcontract.valuation.marketdata.generators;
      @org.springframework.test.context.ContextConfiguration(classes = {net.finmath.smartcontract.valuation.marketdata.generators.WebSocketConnector.class,java.util.Properties.class})
      @org.junit.runner.RunWith(value = org.springframework.test.context.junit4.SpringRunner.class) // if JUnit 4
      @org.junit.jupiter.api.extension.ExtendWith(value = org.springframework.test.context.junit.jupiter.SpringExtension.class) // if JUnit 5
      public class DiffblueFakeClass13447 {
        @org.springframework.beans.factory.annotation.Autowired net.finmath.smartcontract.valuation.marketdata.generators.WebSocketConnector webSocketConnector;
        @org.junit.Test // if JUnit 4
        @org.junit.jupiter.api.Test // if JUnit 5
        public void testSpringContextLoads() {}
      }
      To avoid this error, consider adding a custom base class to setup static
      mocking for org.springframework.test.context.cache.DefaultCacheAwareContextLoaderDelegate.
      For details on how to set up a custom base class, please follow this link:
      https://docs.diffblue.com/features/cover-cli/writing-tests/custom-test-setup
      See https://diff.blue/R026 to resolve this issue.
      
INFO  
INFO  R026: Failed to create Spring context
      Attempt to initialize test context failed with
      java.lang.IllegalStateException: ApplicationContext failure threshold (1) exceeded: skipping repeated attempt to load context for [MergedContextConfiguration@252370e7 testClass = net.finmath.smartcontract.valuation.marketdata.generators.DiffblueFakeClass13456, locations = [], classes = [net.finmath.smartcontract.valuation.marketdata.generators.WebSocketConnector, java.util.Properties], contextInitializerClasses = [], activeProfiles = [], propertySourceDescriptors = [], propertySourceProperties = [], contextCustomizers = [org.springframework.boot.test.context.filter.ExcludeFilterContextCustomizer@2bd2fbf7, org.springframework.boot.test.json.DuplicateJsonObjectContextCustomizerFactory$DuplicateJsonObjectContextCustomizer@2d11135a, org.springframework.boot.test.mock.mockito.MockitoContextCustomizer@0, org.springframework.boot.test.web.reactor.netty.DisableReactorResourceFactoryGlobalResourcesContextCustomizerFactory$DisableReactorResourceFactoryGlobalResourcesContextCustomizerCustomizer@54294cf5, org.springframework.boot.test.autoconfigure.actuate.observability.ObservabilityContextCustomizerFactory$DisableObservabilityContextCustomizer@1f, org.springframework.boot.test.autoconfigure.properties.PropertyMappingContextCustomizer@0, org.springframework.boot.test.autoconfigure.web.servlet.WebDriverContextCustomizer@7507a5bc], contextLoader = org.springframework.test.context.support.DelegatingSmartContextLoader, parent = null]
          at org.springframework.test.context.cache.DefaultCacheAwareContextLoaderDelegate.loadContext(DefaultCacheAwareContextLoaderDelegate.java:145)
          at org.springframework.test.context.support.DefaultTestContext.getApplicationContext(DefaultTestContext.java:130)
          at java.util.stream.ReferencePipeline$3$1.accept(ReferencePipeline.java:197)
          at java.util.ArrayList$ArrayListSpliterator.forEachRemaining(ArrayList.java:1625)
          at java.util.stream.AbstractPipeline.copyInto(AbstractPipeline.java:509)
          at java.util.stream.AbstractPipeline.wrapAndCopyInto(AbstractPipeline.java:499)
          at java.util.stream.ReduceOps$ReduceOp.evaluateSequential(ReduceOps.java:921)
          at java.util.stream.AbstractPipeline.evaluate(AbstractPipeline.java:234)
          at java.util.stream.ReferencePipeline.collect(ReferencePipeline.java:682)
      when running class:
      package net.finmath.smartcontract.valuation.marketdata.generators;
      @org.springframework.test.context.ContextConfiguration(classes = {net.finmath.smartcontract.valuation.marketdata.generators.WebSocketConnector.class,java.util.Properties.class})
      @org.junit.runner.RunWith(value = org.springframework.test.context.junit4.SpringRunner.class) // if JUnit 4
      @org.junit.jupiter.api.extension.ExtendWith(value = org.springframework.test.context.junit.jupiter.SpringExtension.class) // if JUnit 5
      public class DiffblueFakeClass13456 {
        @org.springframework.beans.factory.annotation.Autowired net.finmath.smartcontract.valuation.marketdata.generators.WebSocketConnector webSocketConnector;
        @org.junit.Test // if JUnit 4
        @org.junit.jupiter.api.Test // if JUnit 5
        public void testSpringContextLoads() {}
      }
      To avoid this error, consider adding a custom base class to setup static
      mocking for org.springframework.test.context.cache.DefaultCacheAwareContextLoaderDelegate.
      For details on how to set up a custom base class, please follow this link:
      https://docs.diffblue.com/features/cover-cli/writing-tests/custom-test-setup
      See https://diff.blue/R026 to resolve this issue.
      
INFO  Affected methods:
      net.finmath.smartcontract.valuation.marketdata.generators.WebSocketConnector.initAuthJson:()Lnet/finmath/smartcontract/valuation/marketdata/generators/WebSocketConnector;
      
INFO  To resolve the issue, use the following prompt with your AI assistant:
      
      Fix the following issue preventing test creation for:
      net.finmath.smartcontract.valuation.marketdata.generators.WebSocketConnector.initAuthJson:()Lnet/finmath/smartcontract/valuation/marketdata/generators/WebSocketConnector;
      
      Attempt to initialize test context failed with
      java.lang.IllegalStateException: ApplicationContext failure threshold (1) exceeded: skipping repeated attempt to load context for [MergedContextConfiguration@252370e7 testClass = net.finmath.smartcontract.valuation.marketdata.generators.DiffblueFakeClass13456, locations = [], classes = [net.finmath.smartcontract.valuation.marketdata.generators.WebSocketConnector, java.util.Properties], contextInitializerClasses = [], activeProfiles = [], propertySourceDescriptors = [], propertySourceProperties = [], contextCustomizers = [org.springframework.boot.test.context.filter.ExcludeFilterContextCustomizer@2bd2fbf7, org.springframework.boot.test.json.DuplicateJsonObjectContextCustomizerFactory$DuplicateJsonObjectContextCustomizer@2d11135a, org.springframework.boot.test.mock.mockito.MockitoContextCustomizer@0, org.springframework.boot.test.web.reactor.netty.DisableReactorResourceFactoryGlobalResourcesContextCustomizerFactory$DisableReactorResourceFactoryGlobalResourcesContextCustomizerCustomizer@54294cf5, org.springframework.boot.test.autoconfigure.actuate.observability.ObservabilityContextCustomizerFactory$DisableObservabilityContextCustomizer@1f, org.springframework.boot.test.autoconfigure.properties.PropertyMappingContextCustomizer@0, org.springframework.boot.test.autoconfigure.web.servlet.WebDriverContextCustomizer@7507a5bc], contextLoader = org.springframework.test.context.support.DelegatingSmartContextLoader, parent = null]
          at org.springframework.test.context.cache.DefaultCacheAwareContextLoaderDelegate.loadContext(DefaultCacheAwareContextLoaderDelegate.java:145)
          at org.springframework.test.context.support.DefaultTestContext.getApplicationContext(DefaultTestContext.java:130)
          at java.util.stream.ReferencePipeline$3$1.accept(ReferencePipeline.java:197)
          at java.util.ArrayList$ArrayListSpliterator.forEachRemaining(ArrayList.java:1625)
          at java.util.stream.AbstractPipeline.copyInto(AbstractPipeline.java:509)
          at java.util.stream.AbstractPipeline.wrapAndCopyInto(AbstractPipeline.java:499)
          at java.util.stream.ReduceOps$ReduceOp.evaluateSequential(ReduceOps.java:921)
          at java.util.stream.AbstractPipeline.evaluate(AbstractPipeline.java:234)
          at java.util.stream.ReferencePipeline.collect(ReferencePipeline.java:682)
      when running class:
      package net.finmath.smartcontract.valuation.marketdata.generators;
      @org.springframework.test.context.ContextConfiguration(classes = {net.finmath.smartcontract.valuation.marketdata.generators.WebSocketConnector.class,java.util.Properties.class})
      @org.junit.runner.RunWith(value = org.springframework.test.context.junit4.SpringRunner.class) // if JUnit 4
      @org.junit.jupiter.api.extension.ExtendWith(value = org.springframework.test.context.junit.jupiter.SpringExtension.class) // if JUnit 5
      public class DiffblueFakeClass13456 {
        @org.springframework.beans.factory.annotation.Autowired net.finmath.smartcontract.valuation.marketdata.generators.WebSocketConnector webSocketConnector;
        @org.junit.Test // if JUnit 4
        @org.junit.jupiter.api.Test // if JUnit 5
        public void testSpringContextLoads() {}
      }
      To avoid this error, consider adding a custom base class to setup static
      mocking for org.springframework.test.context.cache.DefaultCacheAwareContextLoaderDelegate.
      For details on how to set up a custom base class, please follow this link:
      https://docs.diffblue.com/features/cover-cli/writing-tests/custom-test-setup
      See https://diff.blue/R026 to resolve this issue.
      
INFO  
INFO  R026: Failed to create Spring context
      Attempt to initialize test context failed with
      java.lang.IllegalStateException: ApplicationContext failure threshold (1) exceeded: skipping repeated attempt to load context for [MergedContextConfiguration@23ab390a testClass = net.finmath.smartcontract.valuation.marketdata.generators.DiffblueFakeClass13465, locations = [], classes = [net.finmath.smartcontract.valuation.marketdata.generators.WebSocketConnector, java.util.Properties], contextInitializerClasses = [], activeProfiles = [], propertySourceDescriptors = [], propertySourceProperties = [], contextCustomizers = [org.springframework.boot.test.context.filter.ExcludeFilterContextCustomizer@2bd2fbf7, org.springframework.boot.test.json.DuplicateJsonObjectContextCustomizerFactory$DuplicateJsonObjectContextCustomizer@2d11135a, org.springframework.boot.test.mock.mockito.MockitoContextCustomizer@0, org.springframework.boot.test.web.reactor.netty.DisableReactorResourceFactoryGlobalResourcesContextCustomizerFactory$DisableReactorResourceFactoryGlobalResourcesContextCustomizerCustomizer@54294cf5, org.springframework.boot.test.autoconfigure.actuate.observability.ObservabilityContextCustomizerFactory$DisableObservabilityContextCustomizer@1f, org.springframework.boot.test.autoconfigure.properties.PropertyMappingContextCustomizer@0, org.springframework.boot.test.autoconfigure.web.servlet.WebDriverContextCustomizer@7507a5bc], contextLoader = org.springframework.test.context.support.DelegatingSmartContextLoader, parent = null]
          at org.springframework.test.context.cache.DefaultCacheAwareContextLoaderDelegate.loadContext(DefaultCacheAwareContextLoaderDelegate.java:145)
          at org.springframework.test.context.support.DefaultTestContext.getApplicationContext(DefaultTestContext.java:130)
          at java.util.stream.ReferencePipeline$3$1.accept(ReferencePipeline.java:197)
          at java.util.ArrayList$ArrayListSpliterator.forEachRemaining(ArrayList.java:1625)
          at java.util.stream.AbstractPipeline.copyInto(AbstractPipeline.java:509)
          at java.util.stream.AbstractPipeline.wrapAndCopyInto(AbstractPipeline.java:499)
          at java.util.stream.ReduceOps$ReduceOp.evaluateSequential(ReduceOps.java:921)
          at java.util.stream.AbstractPipeline.evaluate(AbstractPipeline.java:234)
          at java.util.stream.ReferencePipeline.collect(ReferencePipeline.java:682)
      when running class:
      package net.finmath.smartcontract.valuation.marketdata.generators;
      @org.springframework.test.context.ContextConfiguration(classes = {net.finmath.smartcontract.valuation.marketdata.generators.WebSocketConnector.class,java.util.Properties.class})
      @org.junit.runner.RunWith(value = org.springframework.test.context.junit4.SpringRunner.class) // if JUnit 4
      @org.junit.jupiter.api.extension.ExtendWith(value = org.springframework.test.context.junit.jupiter.SpringExtension.class) // if JUnit 5
      public class DiffblueFakeClass13465 {
        @org.springframework.beans.factory.annotation.Autowired net.finmath.smartcontract.valuation.marketdata.generators.WebSocketConnector webSocketConnector;
        @org.junit.Test // if JUnit 4
        @org.junit.jupiter.api.Test // if JUnit 5
        public void testSpringContextLoads() {}
      }
      To avoid this error, consider adding a custom base class to setup static
      mocking for org.springframework.test.context.cache.DefaultCacheAwareContextLoaderDelegate.
      For details on how to set up a custom base class, please follow this link:
      https://docs.diffblue.com/features/cover-cli/writing-tests/custom-test-setup
      See https://diff.blue/R026 to resolve this issue.
      
INFO  Affected methods:
      net.finmath.smartcontract.valuation.marketdata.generators.WebSocketConnector.initWebSocketConnection:()Lcom/neovisionaries/ws/client/WebSocket;
      
INFO  To resolve the issue, use the following prompt with your AI assistant:
      
      Fix the following issue preventing test creation for:
      net.finmath.smartcontract.valuation.marketdata.generators.WebSocketConnector.initWebSocketConnection:()Lcom/neovisionaries/ws/client/WebSocket;
      
      Attempt to initialize test context failed with
      java.lang.IllegalStateException: ApplicationContext failure threshold (1) exceeded: skipping repeated attempt to load context for [MergedContextConfiguration@23ab390a testClass = net.finmath.smartcontract.valuation.marketdata.generators.DiffblueFakeClass13465, locations = [], classes = [net.finmath.smartcontract.valuation.marketdata.generators.WebSocketConnector, java.util.Properties], contextInitializerClasses = [], activeProfiles = [], propertySourceDescriptors = [], propertySourceProperties = [], contextCustomizers = [org.springframework.boot.test.context.filter.ExcludeFilterContextCustomizer@2bd2fbf7, org.springframework.boot.test.json.DuplicateJsonObjectContextCustomizerFactory$DuplicateJsonObjectContextCustomizer@2d11135a, org.springframework.boot.test.mock.mockito.MockitoContextCustomizer@0, org.springframework.boot.test.web.reactor.netty.DisableReactorResourceFactoryGlobalResourcesContextCustomizerFactory$DisableReactorResourceFactoryGlobalResourcesContextCustomizerCustomizer@54294cf5, org.springframework.boot.test.autoconfigure.actuate.observability.ObservabilityContextCustomizerFactory$DisableObservabilityContextCustomizer@1f, org.springframework.boot.test.autoconfigure.properties.PropertyMappingContextCustomizer@0, org.springframework.boot.test.autoconfigure.web.servlet.WebDriverContextCustomizer@7507a5bc], contextLoader = org.springframework.test.context.support.DelegatingSmartContextLoader, parent = null]
          at org.springframework.test.context.cache.DefaultCacheAwareContextLoaderDelegate.loadContext(DefaultCacheAwareContextLoaderDelegate.java:145)
          at org.springframework.test.context.support.DefaultTestContext.getApplicationContext(DefaultTestContext.java:130)
          at java.util.stream.ReferencePipeline$3$1.accept(ReferencePipeline.java:197)
          at java.util.ArrayList$ArrayListSpliterator.forEachRemaining(ArrayList.java:1625)
          at java.util.stream.AbstractPipeline.copyInto(AbstractPipeline.java:509)
          at java.util.stream.AbstractPipeline.wrapAndCopyInto(AbstractPipeline.java:499)
          at java.util.stream.ReduceOps$ReduceOp.evaluateSequential(ReduceOps.java:921)
          at java.util.stream.AbstractPipeline.evaluate(AbstractPipeline.java:234)
          at java.util.stream.ReferencePipeline.collect(ReferencePipeline.java:682)
      when running class:
      package net.finmath.smartcontract.valuation.marketdata.generators;
      @org.springframework.test.context.ContextConfiguration(classes = {net.finmath.smartcontract.valuation.marketdata.generators.WebSocketConnector.class,java.util.Properties.class})
      @org.junit.runner.RunWith(value = org.springframework.test.context.junit4.SpringRunner.class) // if JUnit 4
      @org.junit.jupiter.api.extension.ExtendWith(value = org.springframework.test.context.junit.jupiter.SpringExtension.class) // if JUnit 5
      public class DiffblueFakeClass13465 {
        @org.springframework.beans.factory.annotation.Autowired net.finmath.smartcontract.valuation.marketdata.generators.WebSocketConnector webSocketConnector;
        @org.junit.Test // if JUnit 4
        @org.junit.jupiter.api.Test // if JUnit 5
        public void testSpringContextLoads() {}
      }
      To avoid this error, consider adding a custom base class to setup static
      mocking for org.springframework.test.context.cache.DefaultCacheAwareContextLoaderDelegate.
      For details on how to set up a custom base class, please follow this link:
      https://docs.diffblue.com/features/cover-cli/writing-tests/custom-test-setup
      See https://diff.blue/R026 to resolve this issue.
      
INFO  
INFO  R026: Failed to create Spring context
      Attempt to initialize test context failed with
      java.lang.IllegalStateException: Failed to load ApplicationContext for [MergedContextConfiguration@384a7ede testClass = net.finmath.smartcontract.valuation.oracle.DiffblueFakeClass14991, locations = [], classes = [net.finmath.smartcontract.valuation.oracle.ValuationOracleSamplePath], contextInitializerClasses = [], activeProfiles = [], propertySourceDescriptors = [], propertySourceProperties = [], contextCustomizers = [org.springframework.boot.test.context.filter.ExcludeFilterContextCustomizer@2bd2fbf7, org.springframework.boot.test.json.DuplicateJsonObjectContextCustomizerFactory$DuplicateJsonObjectContextCustomizer@2d11135a, org.springframework.boot.test.mock.mockito.MockitoContextCustomizer@609ed4c4, org.springframework.boot.test.web.reactor.netty.DisableReactorResourceFactoryGlobalResourcesContextCustomizerFactory$DisableReactorResourceFactoryGlobalResourcesContextCustomizerCustomizer@54294cf5, org.springframework.boot.test.autoconfigure.actuate.observability.ObservabilityContextCustomizerFactory$DisableObservabilityContextCustomizer@1f, org.springframework.boot.test.autoconfigure.properties.PropertyMappingContextCustomizer@0, org.springframework.boot.test.autoconfigure.web.servlet.WebDriverContextCustomizer@7507a5bc], contextLoader = org.springframework.test.context.support.DelegatingSmartContextLoader, parent = null]
          at org.springframework.test.context.cache.DefaultCacheAwareContextLoaderDelegate.loadContext(DefaultCacheAwareContextLoaderDelegate.java:180)
          at org.springframework.test.context.support.DefaultTestContext.getApplicationContext(DefaultTestContext.java:130)
          at java.util.stream.ReferencePipeline$3$1.accept(ReferencePipeline.java:197)
          at java.util.ArrayList$ArrayListSpliterator.forEachRemaining(ArrayList.java:1625)
          at java.util.stream.AbstractPipeline.copyInto(AbstractPipeline.java:509)
          at java.util.stream.AbstractPipeline.wrapAndCopyInto(AbstractPipeline.java:499)
          at java.util.stream.ReduceOps$ReduceOp.evaluateSequential(ReduceOps.java:921)
          at java.util.stream.AbstractPipeline.evaluate(AbstractPipeline.java:234)
          at java.util.stream.ReferencePipeline.collect(ReferencePipeline.java:682)
      org.mockito.exceptions.base.MockitoException: 
      Cannot mock/spy int
      Mockito cannot mock/spy because :
       - primitive type
          at org.springframework.boot.test.mock.mockito.MockDefinition.createMock(MockDefinition.java:158)
          at org.springframework.boot.test.mock.mockito.MockitoPostProcessor.registerMock(MockitoPostProcessor.java:185)
          at org.springframework.boot.test.mock.mockito.MockitoPostProcessor.register(MockitoPostProcessor.java:167)
          at org.springframework.boot.test.mock.mockito.MockitoPostProcessor.postProcessBeanFactory(MockitoPostProcessor.java:141)
          at org.springframework.boot.test.mock.mockito.MockitoPostProcessor.postProcessBeanFactory(MockitoPostProcessor.java:129)
          at org.springframework.context.support.PostProcessorRegistrationDelegate.invokeBeanFactoryPostProcessors(PostProcessorRegistrationDelegate.java:363)
          at org.springframework.context.support.PostProcessorRegistrationDelegate.invokeBeanFactoryPostProcessors(PostProcessorRegistrationDelegate.java:197)
          at org.springframework.context.support.AbstractApplicationContext.invokeBeanFactoryPostProcessors(AbstractApplicationContext.java:789)
          at org.springframework.context.support.AbstractApplicationContext.refresh(AbstractApplicationContext.java:607)
          at org.springframework.test.context.support.AbstractGenericContextLoader.loadContext(AbstractGenericContextLoader.java:221)
          at org.springframework.test.context.support.AbstractGenericContextLoader.loadContext(AbstractGenericContextLoader.java:110)
          at org.springframework.test.context.support.AbstractDelegatingSmartContextLoader.loadContext(AbstractDelegatingSmartContextLoader.java:212)
          at org.springframework.test.context.cache.DefaultCacheAwareContextLoaderDelegate.loadContextInternal(DefaultCacheAwareContextLoaderDelegate.java:225)
          at org.springframework.test.context.cache.DefaultCacheAwareContextLoaderDelegate.loadContext(DefaultCacheAwareContextLoaderDelegate.java:152)
          at org.springframework.test.context.support.DefaultTestContext.getApplicationContext(DefaultTestContext.java:130)
          at java.util.stream.ReferencePipeline$3$1.accept(ReferencePipeline.java:197)
          at java.util.ArrayList$ArrayListSpliterator.forEachRemaining(ArrayList.java:1625)
          at java.util.stream.AbstractPipeline.copyInto(AbstractPipeline.java:509)
          at java.util.stream.AbstractPipeline.wrapAndCopyInto(AbstractPipeline.java:499)
          at java.util.stream.ReduceOps$ReduceOp.evaluateSequential(ReduceOps.java:921)
          at java.util.stream.AbstractPipeline.evaluate(AbstractPipeline.java:234)
          at java.util.stream.ReferencePipeline.collect(ReferencePipeline.java:682)
      when running class:
      package net.finmath.smartcontract.valuation.oracle;
      @org.springframework.test.context.ContextConfiguration(classes = {net.finmath.smartcontract.valuation.oracle.ValuationOracleSamplePath.class})
      @org.junit.runner.RunWith(value = org.springframework.test.context.junit4.SpringRunner.class) // if JUnit 4
      @org.junit.jupiter.api.extension.ExtendWith(value = org.springframework.test.context.junit.jupiter.SpringExtension.class) // if JUnit 5
      public class DiffblueFakeClass14991 {
        @org.springframework.boot.test.mock.mockito.MockBean int anInt;
        @org.springframework.boot.test.mock.mockito.MockBean net.finmath.smartcontract.valuation.oracle.StochasticValuationOracle stochasticValuationOracle;
        @org.springframework.beans.factory.annotation.Autowired net.finmath.smartcontract.valuation.oracle.ValuationOracleSamplePath valuationOracleSamplePath;
        @org.junit.Test // if JUnit 4
        @org.junit.jupiter.api.Test // if JUnit 5
        public void testSpringContextLoads() {}
      }
      To avoid this error, consider adding a custom base class to setup static
      mocking for org.springframework.boot.test.mock.mockito.MockitoPostProcessor.
      For details on how to set up a custom base class, please follow this link:
      https://docs.diffblue.com/features/cover-cli/writing-tests/custom-test-setup
      See https://diff.blue/R026 to resolve this issue.
      
INFO  Affected methods:
      net.finmath.smartcontract.valuation.oracle.ValuationOracleSamplePath.<init>:(Lnet/finmath/smartcontract/valuation/oracle/StochasticValuationOracle;I)V
      
INFO  To resolve the issue, use the following prompt with your AI assistant:
      
      Fix the following issue preventing test creation for:
      net.finmath.smartcontract.valuation.oracle.ValuationOracleSamplePath.<init>:(Lnet/finmath/smartcontract/valuation/oracle/StochasticValuationOracle;I)V
      
      Attempt to initialize test context failed with
      java.lang.IllegalStateException: Failed to load ApplicationContext for [MergedContextConfiguration@384a7ede testClass = net.finmath.smartcontract.valuation.oracle.DiffblueFakeClass14991, locations = [], classes = [net.finmath.smartcontract.valuation.oracle.ValuationOracleSamplePath], contextInitializerClasses = [], activeProfiles = [], propertySourceDescriptors = [], propertySourceProperties = [], contextCustomizers = [org.springframework.boot.test.context.filter.ExcludeFilterContextCustomizer@2bd2fbf7, org.springframework.boot.test.json.DuplicateJsonObjectContextCustomizerFactory$DuplicateJsonObjectContextCustomizer@2d11135a, org.springframework.boot.test.mock.mockito.MockitoContextCustomizer@609ed4c4, org.springframework.boot.test.web.reactor.netty.DisableReactorResourceFactoryGlobalResourcesContextCustomizerFactory$DisableReactorResourceFactoryGlobalResourcesContextCustomizerCustomizer@54294cf5, org.springframework.boot.test.autoconfigure.actuate.observability.ObservabilityContextCustomizerFactory$DisableObservabilityContextCustomizer@1f, org.springframework.boot.test.autoconfigure.properties.PropertyMappingContextCustomizer@0, org.springframework.boot.test.autoconfigure.web.servlet.WebDriverContextCustomizer@7507a5bc], contextLoader = org.springframework.test.context.support.DelegatingSmartContextLoader, parent = null]
          at org.springframework.test.context.cache.DefaultCacheAwareContextLoaderDelegate.loadContext(DefaultCacheAwareContextLoaderDelegate.java:180)
          at org.springframework.test.context.support.DefaultTestContext.getApplicationContext(DefaultTestContext.java:130)
          at java.util.stream.ReferencePipeline$3$1.accept(ReferencePipeline.java:197)
          at java.util.ArrayList$ArrayListSpliterator.forEachRemaining(ArrayList.java:1625)
          at java.util.stream.AbstractPipeline.copyInto(AbstractPipeline.java:509)
          at java.util.stream.AbstractPipeline.wrapAndCopyInto(AbstractPipeline.java:499)
          at java.util.stream.ReduceOps$ReduceOp.evaluateSequential(ReduceOps.java:921)
          at java.util.stream.AbstractPipeline.evaluate(AbstractPipeline.java:234)
          at java.util.stream.ReferencePipeline.collect(ReferencePipeline.java:682)
      org.mockito.exceptions.base.MockitoException: 
      Cannot mock/spy int
      Mockito cannot mock/spy because :
       - primitive type
          at org.springframework.boot.test.mock.mockito.MockDefinition.createMock(MockDefinition.java:158)
          at org.springframework.boot.test.mock.mockito.MockitoPostProcessor.registerMock(MockitoPostProcessor.java:185)
          at org.springframework.boot.test.mock.mockito.MockitoPostProcessor.register(MockitoPostProcessor.java:167)
          at org.springframework.boot.test.mock.mockito.MockitoPostProcessor.postProcessBeanFactory(MockitoPostProcessor.java:141)
          at org.springframework.boot.test.mock.mockito.MockitoPostProcessor.postProcessBeanFactory(MockitoPostProcessor.java:129)
          at org.springframework.context.support.PostProcessorRegistrationDelegate.invokeBeanFactoryPostProcessors(PostProcessorRegistrationDelegate.java:363)
          at org.springframework.context.support.PostProcessorRegistrationDelegate.invokeBeanFactoryPostProcessors(PostProcessorRegistrationDelegate.java:197)
          at org.springframework.context.support.AbstractApplicationContext.invokeBeanFactoryPostProcessors(AbstractApplicationContext.java:789)
          at org.springframework.context.support.AbstractApplicationContext.refresh(AbstractApplicationContext.java:607)
          at org.springframework.test.context.support.AbstractGenericContextLoader.loadContext(AbstractGenericContextLoader.java:221)
          at org.springframework.test.context.support.AbstractGenericContextLoader.loadContext(AbstractGenericContextLoader.java:110)
          at org.springframework.test.context.support.AbstractDelegatingSmartContextLoader.loadContext(AbstractDelegatingSmartContextLoader.java:212)
          at org.springframework.test.context.cache.DefaultCacheAwareContextLoaderDelegate.loadContextInternal(DefaultCacheAwareContextLoaderDelegate.java:225)
          at org.springframework.test.context.cache.DefaultCacheAwareContextLoaderDelegate.loadContext(DefaultCacheAwareContextLoaderDelegate.java:152)
          at org.springframework.test.context.support.DefaultTestContext.getApplicationContext(DefaultTestContext.java:130)
          at java.util.stream.ReferencePipeline$3$1.accept(ReferencePipeline.java:197)
          at java.util.ArrayList$ArrayListSpliterator.forEachRemaining(ArrayList.java:1625)
          at java.util.stream.AbstractPipeline.copyInto(AbstractPipeline.java:509)
          at java.util.stream.AbstractPipeline.wrapAndCopyInto(AbstractPipeline.java:499)
          at java.util.stream.ReduceOps$ReduceOp.evaluateSequential(ReduceOps.java:921)
          at java.util.stream.AbstractPipeline.evaluate(AbstractPipeline.java:234)
          at java.util.stream.ReferencePipeline.collect(ReferencePipeline.java:682)
      when running class:
      package net.finmath.smartcontract.valuation.oracle;
      @org.springframework.test.context.ContextConfiguration(classes = {net.finmath.smartcontract.valuation.oracle.ValuationOracleSamplePath.class})
      @org.junit.runner.RunWith(value = org.springframework.test.context.junit4.SpringRunner.class) // if JUnit 4
      @org.junit.jupiter.api.extension.ExtendWith(value = org.springframework.test.context.junit.jupiter.SpringExtension.class) // if JUnit 5
      public class DiffblueFakeClass14991 {
        @org.springframework.boot.test.mock.mockito.MockBean int anInt;
        @org.springframework.boot.test.mock.mockito.MockBean net.finmath.smartcontract.valuation.oracle.StochasticValuationOracle stochasticValuationOracle;
        @org.springframework.beans.factory.annotation.Autowired net.finmath.smartcontract.valuation.oracle.ValuationOracleSamplePath valuationOracleSamplePath;
        @org.junit.Test // if JUnit 4
        @org.junit.jupiter.api.Test // if JUnit 5
        public void testSpringContextLoads() {}
      }
      To avoid this error, consider adding a custom base class to setup static
      mocking for org.springframework.boot.test.mock.mockito.MockitoPostProcessor.
      For details on how to set up a custom base class, please follow this link:
      https://docs.diffblue.com/features/cover-cli/writing-tests/custom-test-setup
      See https://diff.blue/R026 to resolve this issue.
      
INFO  
INFO  R026: Failed to create Spring context
      Attempt to initialize test context failed with
      java.lang.IllegalStateException: ApplicationContext failure threshold (1) exceeded: skipping repeated attempt to load context for [MergedContextConfiguration@4a079e7c testClass = net.finmath.smartcontract.valuation.service.config.DiffblueFakeClass28, locations = [], classes = [net.finmath.smartcontract.valuation.service.config.BasicAuthWebSecurityConfiguration], contextInitializerClasses = [], activeProfiles = [], propertySourceDescriptors = [], propertySourceProperties = [], contextCustomizers = [org.springframework.boot.test.context.filter.ExcludeFilterContextCustomizer@1edbded5, org.springframework.boot.test.json.DuplicateJsonObjectContextCustomizerFactory$DuplicateJsonObjectContextCustomizer@6ba3b097, org.springframework.boot.test.mock.mockito.MockitoContextCustomizer@0, org.springframework.boot.test.web.reactor.netty.DisableReactorResourceFactoryGlobalResourcesContextCustomizerFactory$DisableReactorResourceFactoryGlobalResourcesContextCustomizerCustomizer@7c30ea24, org.springframework.boot.test.autoconfigure.actuate.observability.ObservabilityContextCustomizerFactory$DisableObservabilityContextCustomizer@1f, org.springframework.boot.test.autoconfigure.properties.PropertyMappingContextCustomizer@0, org.springframework.boot.test.autoconfigure.web.servlet.WebDriverContextCustomizer@6503c456], contextLoader = org.springframework.test.context.support.DelegatingSmartContextLoader, parent = null]
          at org.springframework.test.context.cache.DefaultCacheAwareContextLoaderDelegate.loadContext(DefaultCacheAwareContextLoaderDelegate.java:145)
          at org.springframework.test.context.support.DefaultTestContext.getApplicationContext(DefaultTestContext.java:130)
          at java.util.stream.ReferencePipeline$3$1.accept(ReferencePipeline.java:197)
          at java.util.ArrayList$ArrayListSpliterator.forEachRemaining(ArrayList.java:1625)
          at java.util.stream.AbstractPipeline.copyInto(AbstractPipeline.java:509)
          at java.util.stream.AbstractPipeline.wrapAndCopyInto(AbstractPipeline.java:499)
          at java.util.stream.ReduceOps$ReduceOp.evaluateSequential(ReduceOps.java:921)
          at java.util.stream.AbstractPipeline.evaluate(AbstractPipeline.java:234)
          at java.util.stream.ReferencePipeline.collect(ReferencePipeline.java:682)
      when running class:
      package net.finmath.smartcontract.valuation.service.config;
      @org.springframework.test.context.ContextConfiguration(classes = {net.finmath.smartcontract.valuation.service.config.BasicAuthWebSecurityConfiguration.class})
      @org.junit.runner.RunWith(value = org.springframework.test.context.junit4.SpringRunner.class) // if JUnit 4
      @org.junit.jupiter.api.extension.ExtendWith(value = org.springframework.test.context.junit.jupiter.SpringExtension.class) // if JUnit 5
      public class DiffblueFakeClass28 {
        @org.springframework.beans.factory.annotation.Autowired net.finmath.smartcontract.valuation.service.config.BasicAuthWebSecurityConfiguration basicAuthWebSecurityConfiguration;
        @org.junit.Test // if JUnit 4
        @org.junit.jupiter.api.Test // if JUnit 5
        public void testSpringContextLoads() {}
      }
      To avoid this error, consider adding a custom base class to setup static
      mocking for org.springframework.test.context.cache.DefaultCacheAwareContextLoaderDelegate.
      For details on how to set up a custom base class, please follow this link:
      https://docs.diffblue.com/features/cover-cli/writing-tests/custom-test-setup
      See https://diff.blue/R026 to resolve this issue.
      
INFO  Affected methods:
      net.finmath.smartcontract.valuation.service.config.BasicAuthWebSecurityConfiguration.filterChain:(Lorg/springframework/security/config/annotation/web/builders/HttpSecurity;)Lorg/springframework/security/web/SecurityFilterChain;
      
INFO  To resolve the issue, use the following prompt with your AI assistant:
      
      Fix the following issue preventing test creation for:
      net.finmath.smartcontract.valuation.service.config.BasicAuthWebSecurityConfiguration.filterChain:(Lorg/springframework/security/config/annotation/web/builders/HttpSecurity;)Lorg/springframework/security/web/SecurityFilterChain;
      
      Attempt to initialize test context failed with
      java.lang.IllegalStateException: ApplicationContext failure threshold (1) exceeded: skipping repeated attempt to load context for [MergedContextConfiguration@4a079e7c testClass = net.finmath.smartcontract.valuation.service.config.DiffblueFakeClass28, locations = [], classes = [net.finmath.smartcontract.valuation.service.config.BasicAuthWebSecurityConfiguration], contextInitializerClasses = [], activeProfiles = [], propertySourceDescriptors = [], propertySourceProperties = [], contextCustomizers = [org.springframework.boot.test.context.filter.ExcludeFilterContextCustomizer@1edbded5, org.springframework.boot.test.json.DuplicateJsonObjectContextCustomizerFactory$DuplicateJsonObjectContextCustomizer@6ba3b097, org.springframework.boot.test.mock.mockito.MockitoContextCustomizer@0, org.springframework.boot.test.web.reactor.netty.DisableReactorResourceFactoryGlobalResourcesContextCustomizerFactory$DisableReactorResourceFactoryGlobalResourcesContextCustomizerCustomizer@7c30ea24, org.springframework.boot.test.autoconfigure.actuate.observability.ObservabilityContextCustomizerFactory$DisableObservabilityContextCustomizer@1f, org.springframework.boot.test.autoconfigure.properties.PropertyMappingContextCustomizer@0, org.springframework.boot.test.autoconfigure.web.servlet.WebDriverContextCustomizer@6503c456], contextLoader = org.springframework.test.context.support.DelegatingSmartContextLoader, parent = null]
          at org.springframework.test.context.cache.DefaultCacheAwareContextLoaderDelegate.loadContext(DefaultCacheAwareContextLoaderDelegate.java:145)
          at org.springframework.test.context.support.DefaultTestContext.getApplicationContext(DefaultTestContext.java:130)
          at java.util.stream.ReferencePipeline$3$1.accept(ReferencePipeline.java:197)
          at java.util.ArrayList$ArrayListSpliterator.forEachRemaining(ArrayList.java:1625)
          at java.util.stream.AbstractPipeline.copyInto(AbstractPipeline.java:509)
          at java.util.stream.AbstractPipeline.wrapAndCopyInto(AbstractPipeline.java:499)
          at java.util.stream.ReduceOps$ReduceOp.evaluateSequential(ReduceOps.java:921)
          at java.util.stream.AbstractPipeline.evaluate(AbstractPipeline.java:234)
          at java.util.stream.ReferencePipeline.collect(ReferencePipeline.java:682)
      when running class:
      package net.finmath.smartcontract.valuation.service.config;
      @org.springframework.test.context.ContextConfiguration(classes = {net.finmath.smartcontract.valuation.service.config.BasicAuthWebSecurityConfiguration.class})
      @org.junit.runner.RunWith(value = org.springframework.test.context.junit4.SpringRunner.class) // if JUnit 4
      @org.junit.jupiter.api.extension.ExtendWith(value = org.springframework.test.context.junit.jupiter.SpringExtension.class) // if JUnit 5
      public class DiffblueFakeClass28 {
        @org.springframework.beans.factory.annotation.Autowired net.finmath.smartcontract.valuation.service.config.BasicAuthWebSecurityConfiguration basicAuthWebSecurityConfiguration;
        @org.junit.Test // if JUnit 4
        @org.junit.jupiter.api.Test // if JUnit 5
        public void testSpringContextLoads() {}
      }
      To avoid this error, consider adding a custom base class to setup static
      mocking for org.springframework.test.context.cache.DefaultCacheAwareContextLoaderDelegate.
      For details on how to set up a custom base class, please follow this link:
      https://docs.diffblue.com/features/cover-cli/writing-tests/custom-test-setup
      See https://diff.blue/R026 to resolve this issue.
      
INFO  
INFO  R011: Sandboxing policy violation
      Diffblue Cover ran code in your project that tried
      to access files (file '/${storage.internals.marketDataProviderConnectionPropertiesFile}', permission 'write') from calling class 'org.springframework.core.io.FileUrlResource'.
      Diffblue Cover's default sandboxing policy disallows this in order to prevent
      your code from damaging your system environment.
      See https://diff.blue/R011 to resolve this issue.
      
INFO  Affected methods:
      net.finmath.smartcontract.valuation.service.utils.ResourceGovernor.getActiveDatasetAsResourceInReadMode:(Ljava/lang/String;)Lorg/springframework/core/io/Resource;
      net.finmath.smartcontract.valuation.service.utils.ResourceGovernor.getActiveDatasetAsResourceInWriteMode:(Ljava/lang/String;)Lorg/springframework/core/io/WritableResource;
      
INFO  To resolve the issue, use the following prompt with your AI assistant:
      
      Fix the following issue preventing test creation for:
      net.finmath.smartcontract.valuation.service.utils.ResourceGovernor.getActiveDatasetAsResourceInReadMode:(Ljava/lang/String;)Lorg/springframework/core/io/Resource;
      net.finmath.smartcontract.valuation.service.utils.ResourceGovernor.getActiveDatasetAsResourceInWriteMode:(Ljava/lang/String;)Lorg/springframework/core/io/WritableResource;
      
      Diffblue Cover ran code in your project that tried
      to access files (file '/${storage.internals.marketDataProviderConnectionPropertiesFile}', permission 'write') from calling class 'org.springframework.core.io.FileUrlResource'.
      Diffblue Cover's default sandboxing policy disallows this in order to prevent
      your code from damaging your system environment.
      See https://diff.blue/R011 to resolve this issue.
      
INFO  
INFO  R026: Failed to create Spring context
      Attempt to initialize test context failed with
      java.lang.IllegalStateException: ApplicationContext failure threshold (1) exceeded: skipping repeated attempt to load context for [MergedContextConfiguration@74519571 testClass = net.finmath.smartcontract.valuation.service.websocket.client.DiffblueFakeClass11388, locations = [], classes = [net.finmath.smartcontract.valuation.service.websocket.client.WebSocketClientEndpoint, java.net.URI, java.lang.String], contextInitializerClasses = [], activeProfiles = [], propertySourceDescriptors = [], propertySourceProperties = [], contextCustomizers = [org.springframework.boot.test.context.filter.ExcludeFilterContextCustomizer@1edbded5, org.springframework.boot.test.json.DuplicateJsonObjectContextCustomizerFactory$DuplicateJsonObjectContextCustomizer@6ba3b097, org.springframework.boot.test.mock.mockito.MockitoContextCustomizer@0, org.springframework.boot.test.web.reactor.netty.DisableReactorResourceFactoryGlobalResourcesContextCustomizerFactory$DisableReactorResourceFactoryGlobalResourcesContextCustomizerCustomizer@7c30ea24, org.springframework.boot.test.autoconfigure.actuate.observability.ObservabilityContextCustomizerFactory$DisableObservabilityContextCustomizer@1f, org.springframework.boot.test.autoconfigure.properties.PropertyMappingContextCustomizer@0, org.springframework.boot.test.autoconfigure.web.servlet.WebDriverContextCustomizer@6503c456], contextLoader = org.springframework.test.context.support.DelegatingSmartContextLoader, parent = null]
          at org.springframework.test.context.cache.DefaultCacheAwareContextLoaderDelegate.loadContext(DefaultCacheAwareContextLoaderDelegate.java:145)
          at org.springframework.test.context.support.DefaultTestContext.getApplicationContext(DefaultTestContext.java:130)
          at java.util.stream.ReferencePipeline$3$1.accept(ReferencePipeline.java:197)
          at java.util.ArrayList$ArrayListSpliterator.forEachRemaining(ArrayList.java:1625)
          at java.util.stream.AbstractPipeline.copyInto(AbstractPipeline.java:509)
          at java.util.stream.AbstractPipeline.wrapAndCopyInto(AbstractPipeline.java:499)
          at java.util.stream.ReduceOps$ReduceOp.evaluateSequential(ReduceOps.java:921)
          at java.util.stream.AbstractPipeline.evaluate(AbstractPipeline.java:234)
          at java.util.stream.ReferencePipeline.collect(ReferencePipeline.java:682)
      when running class:
      package net.finmath.smartcontract.valuation.service.websocket.client;
      @org.springframework.test.context.ContextConfiguration(classes = {net.finmath.smartcontract.valuation.service.websocket.client.WebSocketClientEndpoint.class,java.net.URI.class,java.lang.String.class})
      @org.junit.runner.RunWith(value = org.springframework.test.context.junit4.SpringRunner.class) // if JUnit 4
      @org.junit.jupiter.api.extension.ExtendWith(value = org.springframework.test.context.junit.jupiter.SpringExtension.class) // if JUnit 5
      public class DiffblueFakeClass11388 {
        @org.springframework.beans.factory.annotation.Autowired net.finmath.smartcontract.valuation.service.websocket.client.WebSocketClientEndpoint webSocketClientEndpoint;
        @org.junit.Test // if JUnit 4
        @org.junit.jupiter.api.Test // if JUnit 5
        public void testSpringContextLoads() {}
      }
      To avoid this error, consider adding a custom base class to setup static
      mocking for org.springframework.test.context.cache.DefaultCacheAwareContextLoaderDelegate.
      For details on how to set up a custom base class, please follow this link:
      https://docs.diffblue.com/features/cover-cli/writing-tests/custom-test-setup
      See https://diff.blue/R026 to resolve this issue.
      
INFO  Affected methods:
      net.finmath.smartcontract.valuation.service.websocket.client.WebSocketClientEndpoint.onClose:(Ljakarta/websocket/Session;Ljakarta/websocket/CloseReason;)V
      
INFO  To resolve the issue, use the following prompt with your AI assistant:
      
      Fix the following issue preventing test creation for:
      net.finmath.smartcontract.valuation.service.websocket.client.WebSocketClientEndpoint.onClose:(Ljakarta/websocket/Session;Ljakarta/websocket/CloseReason;)V
      
      Attempt to initialize test context failed with
      java.lang.IllegalStateException: ApplicationContext failure threshold (1) exceeded: skipping repeated attempt to load context for [MergedContextConfiguration@74519571 testClass = net.finmath.smartcontract.valuation.service.websocket.client.DiffblueFakeClass11388, locations = [], classes = [net.finmath.smartcontract.valuation.service.websocket.client.WebSocketClientEndpoint, java.net.URI, java.lang.String], contextInitializerClasses = [], activeProfiles = [], propertySourceDescriptors = [], propertySourceProperties = [], contextCustomizers = [org.springframework.boot.test.context.filter.ExcludeFilterContextCustomizer@1edbded5, org.springframework.boot.test.json.DuplicateJsonObjectContextCustomizerFactory$DuplicateJsonObjectContextCustomizer@6ba3b097, org.springframework.boot.test.mock.mockito.MockitoContextCustomizer@0, org.springframework.boot.test.web.reactor.netty.DisableReactorResourceFactoryGlobalResourcesContextCustomizerFactory$DisableReactorResourceFactoryGlobalResourcesContextCustomizerCustomizer@7c30ea24, org.springframework.boot.test.autoconfigure.actuate.observability.ObservabilityContextCustomizerFactory$DisableObservabilityContextCustomizer@1f, org.springframework.boot.test.autoconfigure.properties.PropertyMappingContextCustomizer@0, org.springframework.boot.test.autoconfigure.web.servlet.WebDriverContextCustomizer@6503c456], contextLoader = org.springframework.test.context.support.DelegatingSmartContextLoader, parent = null]
          at org.springframework.test.context.cache.DefaultCacheAwareContextLoaderDelegate.loadContext(DefaultCacheAwareContextLoaderDelegate.java:145)
          at org.springframework.test.context.support.DefaultTestContext.getApplicationContext(DefaultTestContext.java:130)
          at java.util.stream.ReferencePipeline$3$1.accept(ReferencePipeline.java:197)
          at java.util.ArrayList$ArrayListSpliterator.forEachRemaining(ArrayList.java:1625)
          at java.util.stream.AbstractPipeline.copyInto(AbstractPipeline.java:509)
          at java.util.stream.AbstractPipeline.wrapAndCopyInto(AbstractPipeline.java:499)
          at java.util.stream.ReduceOps$ReduceOp.evaluateSequential(ReduceOps.java:921)
          at java.util.stream.AbstractPipeline.evaluate(AbstractPipeline.java:234)
          at java.util.stream.ReferencePipeline.collect(ReferencePipeline.java:682)
      when running class:
      package net.finmath.smartcontract.valuation.service.websocket.client;
      @org.springframework.test.context.ContextConfiguration(classes = {net.finmath.smartcontract.valuation.service.websocket.client.WebSocketClientEndpoint.class,java.net.URI.class,java.lang.String.class})
      @org.junit.runner.RunWith(value = org.springframework.test.context.junit4.SpringRunner.class) // if JUnit 4
      @org.junit.jupiter.api.extension.ExtendWith(value = org.springframework.test.context.junit.jupiter.SpringExtension.class) // if JUnit 5
      public class DiffblueFakeClass11388 {
        @org.springframework.beans.factory.annotation.Autowired net.finmath.smartcontract.valuation.service.websocket.client.WebSocketClientEndpoint webSocketClientEndpoint;
        @org.junit.Test // if JUnit 4
        @org.junit.jupiter.api.Test // if JUnit 5
        public void testSpringContextLoads() {}
      }
      To avoid this error, consider adding a custom base class to setup static
      mocking for org.springframework.test.context.cache.DefaultCacheAwareContextLoaderDelegate.
      For details on how to set up a custom base class, please follow this link:
      https://docs.diffblue.com/features/cover-cli/writing-tests/custom-test-setup
      See https://diff.blue/R026 to resolve this issue.
      
INFO  
INFO  61 issues were found and displayed
INFO  Rerun with --prompts --limit 10 --skip 10 to focus on a subset of the issues
INFO  Rerun without --prompts to summarise all the issues
INFO  
INFO  Log file: /home/jbergqvist/diffblue/finmath-smart-derivative-contract/.diffblue/log/user-20260114T133046.log
INFO  Finished in 3s
